Method,Executed identity,Version/commit,Random interface,Label permission,Verified scope,Inference boundary
official_X-shift,"Nolan Lab Vortex standalone.Xshift, 29-Jun-2017 rev2",fda75cf79980222da663185e2a6a72b442b9aff3,used CLI exposes no seed,fixed/default K and auto elbow do not read labels; K=60 public anchor separate,"Five datasets, full-event K=20 ×30 native repeats each; K=10/20/40 prespecified sensitivity",Native repeats have no controlled seed; no common cross-method ranking
official_Deterministic-SPADE,Qiu Lab Deterministic-SPADE MATLAB source/Windows standalone,1009bcd95ab4be1b46772344de604cb3ac0c22ba,deterministic design,Labels excluded from fit/K selection; post hoc target matching only,Nilsson_rare full-event K=40 endpoint; EXP-044-R4 accepted attempts 3 and 4,One rare dataset; not a five-dataset method comparison
Sony_BL-FlowSOM_PoC_plus_R_MetaClust,Sony batch SOM PoC followed by Sony eval MetaClust.R,PoC 900e0ce7b75830a173ac73294a46178fd4966d4a; eval 9b3d8245df36b4958339b398c22bac125cf3ece7; R FlowSOM 2.18.0,CLI seed logged but does not change PoC nodes/codes in tested path,Reference-count K=24 uses annotation count; automatic max40 and fixed10/40 do not use labels for metaclustering; EXP-037,"Levine_13dim 167,044 events; PoC + R automatic, fixed10, fixed40 and reference-count24; no cloud equivalence",no Sony cloud event truth; not cloud equivalence or deployable main setting
FlowSOM_Python,Saeys Lab FlowSOM_Python v0.2.2,e13e1d2b1d11e3c4540c444131967b4dc6d05871,seed enters SOM initialization/training,Fixed40 in earlier Python stability; reference-count24 only in named inclusion/sensitivity settings,two datasets 30 seeds/full-event mapping plus Levine_13 qualification,not stepwise equivalent to R consensus metaclustering or automatic K
PhenoGraph_default_Louvain,Dana Pe'er Lab PhenoGraph v1.5.7 default Louvain community.exe,72a3e624345f105727046a3e835d845d02014654,official external Louvain interface receives no seed,fixed k values or historical label-selected scan are explicitly separated,"Three multiclass datasets: one all-event k30 graph each, 30 native Louvain repeats conditional on each graph; rare endpoints separate",Native Louvain repeats are not controlled seeds or fixed-graph Leiden
Leiden_fixed_PhenoGraph_graph,PhenoGraph v1.5.7 Jaccard graph + leidenalg RBConfigurationVertexPartition,PhenoGraph 72a3e624345f105727046a3e835d845d02014654; leidenalg 0.11.0,explicit Leiden seed 0-29,no labels for graph or optimization; posthoc evaluation only,"two fixed 20,000-event training graphs",not the legacy Scanpy Leiden all-event implementation
sklearn_KMeans,scikit-learn KMeans,1.9.0,controlled random_state 0-29,current unified stability uses K=true; explicit sensitivity only,multi-population and rare datasets; full-event runs,K=true cannot represent deployable unsupervised selection
sklearn_GMM,scikit-learn GaussianMixture full covariance,1.6.1,"controlled random_state 0-29, n_init=1","Earlier multiclass K40 fixed; rare K2 reference-count, K10/40 fixed sensitivities; labels excluded from fit",Earlier two multiclass K40 datasets; two rare datasets with K2/10/40 and 30 seeds each; fixed20k training/full prediction,one fixed component count is not all GMM regimes
FlowSOM_R_2.18.0_full_event,Bioconductor FlowSOM R 2.18.0 full-event fit,2.18.0; EXP-046C-R2,Controlled seed 0–29,Labels excluded from fit; post hoc external evaluation,"Levine_32dim and Samusik_01, 30 runs each",Protocol-specific variability; not direct ranking against other method regimes
