dataset,som_seed,regime,reference_informed_k,selected_k,ari,macro_f1,unit,source_id
Levine_32dim,0,official_auto_max40,False,6,0.6795100768420723,0.2891605202507067,paired_SOM_seed,flowsom_auto_multiclass_runs
Levine_32dim,0,official_fixed_ktrue,True,14,0.6852883869972574,0.4720614093782027,paired_SOM_seed,flowsom_auto_multiclass_runs
Levine_32dim,0,official_fixed_k40,False,40,0.7814610675490865,0.7776391852647675,paired_SOM_seed,flowsom_auto_multiclass_runs
Levine_32dim,1,official_auto_max40,False,6,0.6639745658857414,0.28734977866003714,paired_SOM_seed,flowsom_auto_multiclass_runs
Levine_32dim,1,official_fixed_ktrue,True,14,0.6612747377963847,0.4747322419492791,paired_SOM_seed,flowsom_auto_multiclass_runs
Levine_32dim,1,official_fixed_k40,False,40,0.58857519640177,0.6916637589612206,paired_SOM_seed,flowsom_auto_multiclass_runs
Levine_32dim,2,official_auto_max40,False,6,0.6818162615060785,0.2900535598260375,paired_SOM_seed,flowsom_auto_multiclass_runs
Levine_32dim,2,official_fixed_ktrue,True,14,0.689540325598769,0.4213705171271917,paired_SOM_seed,flowsom_auto_multiclass_runs
Levine_32dim,2,official_fixed_k40,False,40,0.7717124356192298,0.6910914037235097,paired_SOM_seed,flowsom_auto_multiclass_runs
Levine_32dim,3,official_auto_max40,False,6,0.6775841530888788,0.28963918722812376,paired_SOM_seed,flowsom_auto_multiclass_runs
Levine_32dim,3,official_fixed_ktrue,True,14,0.6895207912676249,0.47065421410969627,paired_SOM_seed,flowsom_auto_multiclass_runs
Levine_32dim,3,official_fixed_k40,False,40,0.7744684512603799,0.730788058006462,paired_SOM_seed,flowsom_auto_multiclass_runs
Levine_32dim,4,official_auto_max40,False,7,0.6788364356894607,0.29058402921854737,paired_SOM_seed,flowsom_auto_multiclass_runs
Levine_32dim,4,official_fixed_ktrue,True,14,0.6765484444856441,0.4783402755807689,paired_SOM_seed,flowsom_auto_multiclass_runs
Levine_32dim,4,official_fixed_k40,False,40,0.7602952100270073,0.6994526074758757,paired_SOM_seed,flowsom_auto_multiclass_runs
Levine_32dim,5,official_auto_max40,False,6,0.6803988166036095,0.29106836309066475,paired_SOM_seed,flowsom_auto_multiclass_runs
Levine_32dim,5,official_fixed_ktrue,True,14,0.6545313273707335,0.47289896653356145,paired_SOM_seed,flowsom_auto_multiclass_runs
Levine_32dim,5,official_fixed_k40,False,40,0.8144133436965783,0.7343228246441339,paired_SOM_seed,flowsom_auto_multiclass_runs
Levine_32dim,6,official_auto_max40,False,6,0.6542901195950971,0.2843096208485951,paired_SOM_seed,flowsom_auto_multiclass_runs
Levine_32dim,6,official_fixed_ktrue,True,14,0.6878830791873398,0.47511061339818766,paired_SOM_seed,flowsom_auto_multiclass_runs
Levine_32dim,6,official_fixed_k40,False,40,0.8182033421585114,0.7605040361952968,paired_SOM_seed,flowsom_auto_multiclass_runs
Levine_32dim,7,official_auto_max40,False,7,0.6938446945735425,0.3423605600526568,paired_SOM_seed,flowsom_auto_multiclass_runs
Levine_32dim,7,official_fixed_ktrue,True,14,0.659402937649637,0.4717396814149887,paired_SOM_seed,flowsom_auto_multiclass_runs
Levine_32dim,7,official_fixed_k40,False,40,0.7768349944523232,0.7602522358946738,paired_SOM_seed,flowsom_auto_multiclass_runs
Levine_32dim,8,official_auto_max40,False,7,0.6933670263291216,0.34106352011890984,paired_SOM_seed,flowsom_auto_multiclass_runs
Levine_32dim,8,official_fixed_ktrue,True,14,0.6769039895177933,0.415297613976157,paired_SOM_seed,flowsom_auto_multiclass_runs
Levine_32dim,8,official_fixed_k40,False,40,0.8134460506216065,0.7599178851112202,paired_SOM_seed,flowsom_auto_multiclass_runs
Levine_32dim,9,official_auto_max40,False,6,0.682350557401147,0.2905993372204924,paired_SOM_seed,flowsom_auto_multiclass_runs
Levine_32dim,9,official_fixed_ktrue,True,14,0.6698256612478687,0.47248862693245747,paired_SOM_seed,flowsom_auto_multiclass_runs
Levine_32dim,9,official_fixed_k40,False,40,0.7728353537061713,0.735277892830141,paired_SOM_seed,flowsom_auto_multiclass_runs
Levine_32dim,10,official_auto_max40,False,7,0.692923285532822,0.3415255567945249,paired_SOM_seed,flowsom_auto_multiclass_runs
Levine_32dim,10,official_fixed_ktrue,True,14,0.6736810311516253,0.4758694512114783,paired_SOM_seed,flowsom_auto_multiclass_runs
Levine_32dim,10,official_fixed_k40,False,40,0.7772430339975367,0.741986823730506,paired_SOM_seed,flowsom_auto_multiclass_runs
Levine_32dim,11,official_auto_max40,False,8,0.6797103566078958,0.35065333321129416,paired_SOM_seed,flowsom_auto_multiclass_runs
Levine_32dim,11,official_fixed_ktrue,True,14,0.6745677422956693,0.41892253867677104,paired_SOM_seed,flowsom_auto_multiclass_runs
Levine_32dim,11,official_fixed_k40,False,40,0.7859667964106407,0.7039652487317744,paired_SOM_seed,flowsom_auto_multiclass_runs
Levine_32dim,12,official_auto_max40,False,6,0.6732612586283505,0.28952054336651006,paired_SOM_seed,flowsom_auto_multiclass_runs
Levine_32dim,12,official_fixed_ktrue,True,14,0.660575880226906,0.47304314779301776,paired_SOM_seed,flowsom_auto_multiclass_runs
Levine_32dim,12,official_fixed_k40,False,40,0.7539086714381839,0.759753529180685,paired_SOM_seed,flowsom_auto_multiclass_runs
Levine_32dim,13,official_auto_max40,False,7,0.6594901111650402,0.28589892609868855,paired_SOM_seed,flowsom_auto_multiclass_runs
Levine_32dim,13,official_fixed_ktrue,True,14,0.6896000009434257,0.4687031843453326,paired_SOM_seed,flowsom_auto_multiclass_runs
Levine_32dim,13,official_fixed_k40,False,40,0.6929165534491287,0.7558805860164941,paired_SOM_seed,flowsom_auto_multiclass_runs
Levine_32dim,14,official_auto_max40,False,6,0.6598918049623694,0.28579629805270573,paired_SOM_seed,flowsom_auto_multiclass_runs
Levine_32dim,14,official_fixed_ktrue,True,14,0.6911142069044164,0.4804062418399519,paired_SOM_seed,flowsom_auto_multiclass_runs
Levine_32dim,14,official_fixed_k40,False,40,0.6985364133779294,0.7463359335632204,paired_SOM_seed,flowsom_auto_multiclass_runs
Levine_32dim,15,official_auto_max40,False,6,0.6797671427093761,0.2906022651709935,paired_SOM_seed,flowsom_auto_multiclass_runs
Levine_32dim,15,official_fixed_ktrue,True,14,0.661642218769761,0.4693482478710762,paired_SOM_seed,flowsom_auto_multiclass_runs
Levine_32dim,15,official_fixed_k40,False,40,0.7594081543711232,0.7554895425913305,paired_SOM_seed,flowsom_auto_multiclass_runs
Levine_32dim,16,official_auto_max40,False,6,0.6569991061458093,0.2845016530308007,paired_SOM_seed,flowsom_auto_multiclass_runs
Levine_32dim,16,official_fixed_ktrue,True,14,0.6894035113793742,0.539184287542349,paired_SOM_seed,flowsom_auto_multiclass_runs
Levine_32dim,16,official_fixed_k40,False,40,0.8571458107352024,0.7791164911918365,paired_SOM_seed,flowsom_auto_multiclass_runs
Levine_32dim,17,official_auto_max40,False,6,0.6816935696776276,0.2908532294779677,paired_SOM_seed,flowsom_auto_multiclass_runs
Levine_32dim,17,official_fixed_ktrue,True,14,0.6953101957007544,0.4742351356693923,paired_SOM_seed,flowsom_auto_multiclass_runs
Levine_32dim,17,official_fixed_k40,False,40,0.7354009004998227,0.6963377015250736,paired_SOM_seed,flowsom_auto_multiclass_runs
Levine_32dim,18,official_auto_max40,False,6,0.6644076619766436,0.2865204503404623,paired_SOM_seed,flowsom_auto_multiclass_runs
Levine_32dim,18,official_fixed_ktrue,True,14,0.6949610835646782,0.47771042033979294,paired_SOM_seed,flowsom_auto_multiclass_runs
Levine_32dim,18,official_fixed_k40,False,40,0.5998787243706124,0.6845215937467853,paired_SOM_seed,flowsom_auto_multiclass_runs
Levine_32dim,19,official_auto_max40,False,6,0.6763520298261633,0.28941487559422835,paired_SOM_seed,flowsom_auto_multiclass_runs
Levine_32dim,19,official_fixed_ktrue,True,14,0.7026959324759702,0.48329874936657974,paired_SOM_seed,flowsom_auto_multiclass_runs
Levine_32dim,19,official_fixed_k40,False,40,0.7700479002306658,0.7048028462968313,paired_SOM_seed,flowsom_auto_multiclass_runs
Levine_32dim,20,official_auto_max40,False,6,0.6812973107196307,0.29004702283149364,paired_SOM_seed,flowsom_auto_multiclass_runs
Levine_32dim,20,official_fixed_ktrue,True,14,0.6632315333740665,0.47049554528821574,paired_SOM_seed,flowsom_auto_multiclass_runs
Levine_32dim,20,official_fixed_k40,False,40,0.6393435456376675,0.6742086790951352,paired_SOM_seed,flowsom_auto_multiclass_runs
Levine_32dim,21,official_auto_max40,False,7,0.6819997560924954,0.33890622092703626,paired_SOM_seed,flowsom_auto_multiclass_runs
Levine_32dim,21,official_fixed_ktrue,True,14,0.6982112482731841,0.4791652956899271,paired_SOM_seed,flowsom_auto_multiclass_runs
Levine_32dim,21,official_fixed_k40,False,40,0.7356071409590061,0.7216745581548017,paired_SOM_seed,flowsom_auto_multiclass_runs
Levine_32dim,22,official_auto_max40,False,6,0.6775313121559198,0.29058518219841395,paired_SOM_seed,flowsom_auto_multiclass_runs
Levine_32dim,22,official_fixed_ktrue,True,14,0.6703686597927455,0.47747847794869774,paired_SOM_seed,flowsom_auto_multiclass_runs
Levine_32dim,22,official_fixed_k40,False,40,0.8094631426137576,0.7288276112383087,paired_SOM_seed,flowsom_auto_multiclass_runs
Levine_32dim,23,official_auto_max40,False,7,0.6807405768624778,0.2907311717572129,paired_SOM_seed,flowsom_auto_multiclass_runs
Levine_32dim,23,official_fixed_ktrue,True,14,0.6792575145889831,0.48086244640809844,paired_SOM_seed,flowsom_auto_multiclass_runs
Levine_32dim,23,official_fixed_k40,False,40,0.7584211602779366,0.7561388094750565,paired_SOM_seed,flowsom_auto_multiclass_runs
Levine_32dim,24,official_auto_max40,False,7,0.6813405229223745,0.29029262605140616,paired_SOM_seed,flowsom_auto_multiclass_runs
Levine_32dim,24,official_fixed_ktrue,True,14,0.6707176723983362,0.4161802096919352,paired_SOM_seed,flowsom_auto_multiclass_runs
Levine_32dim,24,official_fixed_k40,False,40,0.7648194703949932,0.7329455212922139,paired_SOM_seed,flowsom_auto_multiclass_runs
Levine_32dim,25,official_auto_max40,False,6,0.6672150629221707,0.28539345579337777,paired_SOM_seed,flowsom_auto_multiclass_runs
Levine_32dim,25,official_fixed_ktrue,True,14,0.6959005943413947,0.5456580573398019,paired_SOM_seed,flowsom_auto_multiclass_runs
Levine_32dim,25,official_fixed_k40,False,40,0.7835748552878654,0.7387510014903408,paired_SOM_seed,flowsom_auto_multiclass_runs
Levine_32dim,26,official_auto_max40,False,6,0.6807860217651251,0.28950877614397186,paired_SOM_seed,flowsom_auto_multiclass_runs
Levine_32dim,26,official_fixed_ktrue,True,14,0.6852701798021076,0.4759755846463553,paired_SOM_seed,flowsom_auto_multiclass_runs
Levine_32dim,26,official_fixed_k40,False,40,0.7519956001502903,0.7393405336919529,paired_SOM_seed,flowsom_auto_multiclass_runs
Levine_32dim,27,official_auto_max40,False,6,0.6690273053484976,0.28722968427991297,paired_SOM_seed,flowsom_auto_multiclass_runs
Levine_32dim,27,official_fixed_ktrue,True,14,0.6818564879323903,0.48224347483774377,paired_SOM_seed,flowsom_auto_multiclass_runs
Levine_32dim,27,official_fixed_k40,False,40,0.7825203227433356,0.7461013203163355,paired_SOM_seed,flowsom_auto_multiclass_runs
Levine_32dim,28,official_auto_max40,False,6,0.6764160860209754,0.28935074525924126,paired_SOM_seed,flowsom_auto_multiclass_runs
Levine_32dim,28,official_fixed_ktrue,True,14,0.686731304209709,0.5040369066874183,paired_SOM_seed,flowsom_auto_multiclass_runs
Levine_32dim,28,official_fixed_k40,False,40,0.7659691287890503,0.7067725312438566,paired_SOM_seed,flowsom_auto_multiclass_runs
Levine_32dim,29,official_auto_max40,False,7,0.6944644384877379,0.3434520155685921,paired_SOM_seed,flowsom_auto_multiclass_runs
Levine_32dim,29,official_fixed_ktrue,True,14,0.6784047021752108,0.4764433061786093,paired_SOM_seed,flowsom_auto_multiclass_runs
Levine_32dim,29,official_fixed_k40,False,40,0.8049902850482863,0.7294081860270374,paired_SOM_seed,flowsom_auto_multiclass_runs
Samusik_01,0,official_auto_max40,False,10,0.4217800032020888,0.31589579006249974,paired_SOM_seed,flowsom_auto_multiclass_runs
Samusik_01,0,official_fixed_ktrue,True,24,0.858835083322553,0.6661800540736674,paired_SOM_seed,flowsom_auto_multiclass_runs
Samusik_01,0,official_fixed_k40,False,40,0.887448951700102,0.6985642788449478,paired_SOM_seed,flowsom_auto_multiclass_runs
Samusik_01,1,official_auto_max40,False,7,0.4093573103435583,0.19985859561209132,paired_SOM_seed,flowsom_auto_multiclass_runs
Samusik_01,1,official_fixed_ktrue,True,24,0.5892626679244619,0.6122473420790447,paired_SOM_seed,flowsom_auto_multiclass_runs
Samusik_01,1,official_fixed_k40,False,40,0.8952875337591539,0.6864273155177661,paired_SOM_seed,flowsom_auto_multiclass_runs
Samusik_01,2,official_auto_max40,False,8,0.4097678394124421,0.24952932009500958,paired_SOM_seed,flowsom_auto_multiclass_runs
Samusik_01,2,official_fixed_ktrue,True,24,0.8409265396747112,0.6646496052997038,paired_SOM_seed,flowsom_auto_multiclass_runs
Samusik_01,2,official_fixed_k40,False,40,0.8220405214360735,0.6896128749638422,paired_SOM_seed,flowsom_auto_multiclass_runs
Samusik_01,3,official_auto_max40,False,7,0.43875639808477374,0.2018560323153553,paired_SOM_seed,flowsom_auto_multiclass_runs
Samusik_01,3,official_fixed_ktrue,True,24,0.5795798306464046,0.6361100426996918,paired_SOM_seed,flowsom_auto_multiclass_runs
Samusik_01,3,official_fixed_k40,False,40,0.878141566435008,0.7157803206305852,paired_SOM_seed,flowsom_auto_multiclass_runs
Samusik_01,4,official_auto_max40,False,10,0.4130811032491615,0.3153239612053071,paired_SOM_seed,flowsom_auto_multiclass_runs
Samusik_01,4,official_fixed_ktrue,True,24,0.5902310882725,0.6146031715122204,paired_SOM_seed,flowsom_auto_multiclass_runs
Samusik_01,4,official_fixed_k40,False,40,0.8591591776819658,0.6867181197298603,paired_SOM_seed,flowsom_auto_multiclass_runs
Samusik_01,5,official_auto_max40,False,7,0.3971440849393933,0.18236035345052684,paired_SOM_seed,flowsom_auto_multiclass_runs
Samusik_01,5,official_fixed_ktrue,True,24,0.8946143735720264,0.6893953029128914,paired_SOM_seed,flowsom_auto_multiclass_runs
Samusik_01,5,official_fixed_k40,False,40,0.8653667966247414,0.6910450713172436,paired_SOM_seed,flowsom_auto_multiclass_runs
Samusik_01,6,official_auto_max40,False,8,0.405633156943437,0.23608326409076064,paired_SOM_seed,flowsom_auto_multiclass_runs
Samusik_01,6,official_fixed_ktrue,True,24,0.5726127252296155,0.6087469100122734,paired_SOM_seed,flowsom_auto_multiclass_runs
Samusik_01,6,official_fixed_k40,False,40,0.8607455521189581,0.6973372483053302,paired_SOM_seed,flowsom_auto_multiclass_runs
Samusik_01,7,official_auto_max40,False,9,0.42394192194505476,0.272197555538149,paired_SOM_seed,flowsom_auto_multiclass_runs
Samusik_01,7,official_fixed_ktrue,True,24,0.8567735160433054,0.6741961913492137,paired_SOM_seed,flowsom_auto_multiclass_runs
Samusik_01,7,official_fixed_k40,False,40,0.732462320444486,0.6570190707314386,paired_SOM_seed,flowsom_auto_multiclass_runs
Samusik_01,8,official_auto_max40,False,9,0.4220363890569769,0.284120009905694,paired_SOM_seed,flowsom_auto_multiclass_runs
Samusik_01,8,official_fixed_ktrue,True,24,0.8721619944612002,0.6758310254606279,paired_SOM_seed,flowsom_auto_multiclass_runs
Samusik_01,8,official_fixed_k40,False,40,0.8916459890034237,0.7013203287681481,paired_SOM_seed,flowsom_auto_multiclass_runs
Samusik_01,9,official_auto_max40,False,8,0.40388744612757593,0.23344719627760604,paired_SOM_seed,flowsom_auto_multiclass_runs
Samusik_01,9,official_fixed_ktrue,True,24,0.870761825870925,0.6605629455968556,paired_SOM_seed,flowsom_auto_multiclass_runs
Samusik_01,9,official_fixed_k40,False,40,0.8131395806865389,0.7195022390086542,paired_SOM_seed,flowsom_auto_multiclass_runs
Samusik_01,10,official_auto_max40,False,9,0.4169097957976973,0.28027536849097495,paired_SOM_seed,flowsom_auto_multiclass_runs
Samusik_01,10,official_fixed_ktrue,True,24,0.5786891554880758,0.6495008582652392,paired_SOM_seed,flowsom_auto_multiclass_runs
Samusik_01,10,official_fixed_k40,False,40,0.8830148896960327,0.7063780213998859,paired_SOM_seed,flowsom_auto_multiclass_runs
Samusik_01,11,official_auto_max40,False,7,0.43165730545639147,0.20101674183750737,paired_SOM_seed,flowsom_auto_multiclass_runs
Samusik_01,11,official_fixed_ktrue,True,24,0.8493398649040594,0.6555395800717868,paired_SOM_seed,flowsom_auto_multiclass_runs
Samusik_01,11,official_fixed_k40,False,40,0.8552684841985821,0.6797600960984838,paired_SOM_seed,flowsom_auto_multiclass_runs
Samusik_01,12,official_auto_max40,False,6,0.4117786499632607,0.17002859351704988,paired_SOM_seed,flowsom_auto_multiclass_runs
Samusik_01,12,official_fixed_ktrue,True,24,0.5942110534408812,0.6222142068297666,paired_SOM_seed,flowsom_auto_multiclass_runs
Samusik_01,12,official_fixed_k40,False,40,0.8766224840478013,0.6935659889636914,paired_SOM_seed,flowsom_auto_multiclass_runs
Samusik_01,13,official_auto_max40,False,8,0.43300942681409466,0.22747211103157658,paired_SOM_seed,flowsom_auto_multiclass_runs
Samusik_01,13,official_fixed_ktrue,True,24,0.579220585034235,0.6155743599402043,paired_SOM_seed,flowsom_auto_multiclass_runs
Samusik_01,13,official_fixed_k40,False,40,0.8770730245049753,0.7029229783283091,paired_SOM_seed,flowsom_auto_multiclass_runs
Samusik_01,14,official_auto_max40,False,8,0.40798843613774327,0.24506646694079925,paired_SOM_seed,flowsom_auto_multiclass_runs
Samusik_01,14,official_fixed_ktrue,True,24,0.5877727067588963,0.6062429926518154,paired_SOM_seed,flowsom_auto_multiclass_runs
Samusik_01,14,official_fixed_k40,False,40,0.8974644529865582,0.6865680827240914,paired_SOM_seed,flowsom_auto_multiclass_runs
Samusik_01,15,official_auto_max40,False,9,0.41740549531205007,0.27826148929380573,paired_SOM_seed,flowsom_auto_multiclass_runs
Samusik_01,15,official_fixed_ktrue,True,24,0.8265433401861499,0.6177560850491627,paired_SOM_seed,flowsom_auto_multiclass_runs
Samusik_01,15,official_fixed_k40,False,40,0.8566264731911167,0.6823711458661136,paired_SOM_seed,flowsom_auto_multiclass_runs
Samusik_01,16,official_auto_max40,False,8,0.4102546982897393,0.2359195943318871,paired_SOM_seed,flowsom_auto_multiclass_runs
Samusik_01,16,official_fixed_ktrue,True,24,0.8809625333418962,0.6636061155429372,paired_SOM_seed,flowsom_auto_multiclass_runs
Samusik_01,16,official_fixed_k40,False,40,0.8634755239646758,0.7171021338883617,paired_SOM_seed,flowsom_auto_multiclass_runs
Samusik_01,17,official_auto_max40,False,10,0.45234575010556394,0.33059025655741253,paired_SOM_seed,flowsom_auto_multiclass_runs
Samusik_01,17,official_fixed_ktrue,True,24,0.8510442335433059,0.6638476837635309,paired_SOM_seed,flowsom_auto_multiclass_runs
Samusik_01,17,official_fixed_k40,False,40,0.8889469404069777,0.6902306030977577,paired_SOM_seed,flowsom_auto_multiclass_runs
Samusik_01,18,official_auto_max40,False,9,0.4144128378200631,0.2831676297278101,paired_SOM_seed,flowsom_auto_multiclass_runs
Samusik_01,18,official_fixed_ktrue,True,24,0.8775672117875124,0.6503255353183279,paired_SOM_seed,flowsom_auto_multiclass_runs
Samusik_01,18,official_fixed_k40,False,40,0.8701323942123119,0.6939623262298332,paired_SOM_seed,flowsom_auto_multiclass_runs
Samusik_01,19,official_auto_max40,False,6,0.39804753416818317,0.172480868575449,paired_SOM_seed,flowsom_auto_multiclass_runs
Samusik_01,19,official_fixed_ktrue,True,24,0.850033085335665,0.6589804848063875,paired_SOM_seed,flowsom_auto_multiclass_runs
Samusik_01,19,official_fixed_k40,False,40,0.8717252548645291,0.7019422011870186,paired_SOM_seed,flowsom_auto_multiclass_runs
Samusik_01,20,official_auto_max40,False,8,0.40896151182251095,0.23686712301997584,paired_SOM_seed,flowsom_auto_multiclass_runs
Samusik_01,20,official_fixed_ktrue,True,24,0.5936447748767882,0.6192033689879666,paired_SOM_seed,flowsom_auto_multiclass_runs
Samusik_01,20,official_fixed_k40,False,40,0.8827411891244733,0.7083848466352723,paired_SOM_seed,flowsom_auto_multiclass_runs
Samusik_01,21,official_auto_max40,False,10,0.413522014445463,0.32068609057780967,paired_SOM_seed,flowsom_auto_multiclass_runs
Samusik_01,21,official_fixed_ktrue,True,24,0.8663205135330398,0.6873688838490167,paired_SOM_seed,flowsom_auto_multiclass_runs
Samusik_01,21,official_fixed_k40,False,40,0.8773438985183231,0.6900101151056511,paired_SOM_seed,flowsom_auto_multiclass_runs
Samusik_01,22,official_auto_max40,False,8,0.4143391174395857,0.2337686036432257,paired_SOM_seed,flowsom_auto_multiclass_runs
Samusik_01,22,official_fixed_ktrue,True,24,0.8786995339191157,0.6631198800526371,paired_SOM_seed,flowsom_auto_multiclass_runs
Samusik_01,22,official_fixed_k40,False,40,0.8547488545817677,0.685442404457695,paired_SOM_seed,flowsom_auto_multiclass_runs
Samusik_01,23,official_auto_max40,False,7,0.4154421605664583,0.1975595816836019,paired_SOM_seed,flowsom_auto_multiclass_runs
Samusik_01,23,official_fixed_ktrue,True,24,0.8650382393787884,0.6664569226788345,paired_SOM_seed,flowsom_auto_multiclass_runs
Samusik_01,23,official_fixed_k40,False,40,0.8866437071130381,0.6810439819697544,paired_SOM_seed,flowsom_auto_multiclass_runs
Samusik_01,24,official_auto_max40,False,8,0.4096297246971789,0.24238678865397653,paired_SOM_seed,flowsom_auto_multiclass_runs
Samusik_01,24,official_fixed_ktrue,True,24,0.8756348810030945,0.6643619446677723,paired_SOM_seed,flowsom_auto_multiclass_runs
Samusik_01,24,official_fixed_k40,False,40,0.8336908829730197,0.7115513918283675,paired_SOM_seed,flowsom_auto_multiclass_runs
Samusik_01,25,official_auto_max40,False,7,0.4098904448889018,0.21366073342039296,paired_SOM_seed,flowsom_auto_multiclass_runs
Samusik_01,25,official_fixed_ktrue,True,24,0.8612932100254831,0.6643961312063417,paired_SOM_seed,flowsom_auto_multiclass_runs
Samusik_01,25,official_fixed_k40,False,40,0.8195122556852128,0.6868116158850909,paired_SOM_seed,flowsom_auto_multiclass_runs
Samusik_01,26,official_auto_max40,False,9,0.42116233525523217,0.28198864828146114,paired_SOM_seed,flowsom_auto_multiclass_runs
Samusik_01,26,official_fixed_ktrue,True,24,0.8457892619133103,0.6803722314578443,paired_SOM_seed,flowsom_auto_multiclass_runs
Samusik_01,26,official_fixed_k40,False,40,0.8487671145976949,0.70772120764981,paired_SOM_seed,flowsom_auto_multiclass_runs
Samusik_01,27,official_auto_max40,False,11,0.4572313256457579,0.35824945090489835,paired_SOM_seed,flowsom_auto_multiclass_runs
Samusik_01,27,official_fixed_ktrue,True,24,0.8703173203319478,0.6643025075694045,paired_SOM_seed,flowsom_auto_multiclass_runs
Samusik_01,27,official_fixed_k40,False,40,0.8780755797543999,0.6830131956612329,paired_SOM_seed,flowsom_auto_multiclass_runs
Samusik_01,28,official_auto_max40,False,7,0.42046346174695354,0.2171673926665644,paired_SOM_seed,flowsom_auto_multiclass_runs
Samusik_01,28,official_fixed_ktrue,True,24,0.6024872744072465,0.6387383800662677,paired_SOM_seed,flowsom_auto_multiclass_runs
Samusik_01,28,official_fixed_k40,False,40,0.8605342006493005,0.7143363030554148,paired_SOM_seed,flowsom_auto_multiclass_runs
Samusik_01,29,official_auto_max40,False,7,0.408727388891364,0.21131462159575576,paired_SOM_seed,flowsom_auto_multiclass_runs
Samusik_01,29,official_fixed_ktrue,True,24,0.8616733697291661,0.6843360933310043,paired_SOM_seed,flowsom_auto_multiclass_runs
Samusik_01,29,official_fixed_k40,False,40,0.8969387619196587,0.6908402126871366,paired_SOM_seed,flowsom_auto_multiclass_runs
