dataset,method,repeat_type,repeat_id,ari,macro_f1,unit,source_id
Levine_13dim,PhenoGraph_v1.5.7_default_Louvain,native_repeat,0,0.8719685398018595,0.4615501176438849,algorithm_run,phenograph_full_run_points
Levine_13dim,PhenoGraph_v1.5.7_default_Louvain,native_repeat,1,0.8678161613024327,0.4639276217730145,algorithm_run,phenograph_full_run_points
Levine_13dim,PhenoGraph_v1.5.7_default_Louvain,native_repeat,2,0.8703659415348791,0.4657165094104328,algorithm_run,phenograph_full_run_points
Levine_13dim,PhenoGraph_v1.5.7_default_Louvain,native_repeat,3,0.8735472076907127,0.4580439124749227,algorithm_run,phenograph_full_run_points
Levine_13dim,PhenoGraph_v1.5.7_default_Louvain,native_repeat,4,0.8767147252200064,0.4601522309228746,algorithm_run,phenograph_full_run_points
Levine_13dim,PhenoGraph_v1.5.7_default_Louvain,native_repeat,5,0.8612809473193388,0.4602176436914229,algorithm_run,phenograph_full_run_points
Levine_13dim,PhenoGraph_v1.5.7_default_Louvain,native_repeat,6,0.8801425222699796,0.4598104664709191,algorithm_run,phenograph_full_run_points
Levine_13dim,PhenoGraph_v1.5.7_default_Louvain,native_repeat,7,0.8629611266653764,0.4566071280139948,algorithm_run,phenograph_full_run_points
Levine_13dim,PhenoGraph_v1.5.7_default_Louvain,native_repeat,8,0.8683962725309304,0.459827263764631,algorithm_run,phenograph_full_run_points
Levine_13dim,PhenoGraph_v1.5.7_default_Louvain,native_repeat,9,0.8573096313049752,0.4569501997038618,algorithm_run,phenograph_full_run_points
Levine_13dim,PhenoGraph_v1.5.7_default_Louvain,native_repeat,10,0.877022594834879,0.4623533190571199,algorithm_run,phenograph_full_run_points
Levine_13dim,PhenoGraph_v1.5.7_default_Louvain,native_repeat,11,0.8805611408231219,0.4684286730764197,algorithm_run,phenograph_full_run_points
Levine_13dim,PhenoGraph_v1.5.7_default_Louvain,native_repeat,12,0.8871791173194096,0.4624340432777911,algorithm_run,phenograph_full_run_points
Levine_13dim,PhenoGraph_v1.5.7_default_Louvain,native_repeat,13,0.8651231408951731,0.4633318340814155,algorithm_run,phenograph_full_run_points
Levine_13dim,PhenoGraph_v1.5.7_default_Louvain,native_repeat,14,0.8756751200363266,0.4591395589236809,algorithm_run,phenograph_full_run_points
Levine_13dim,PhenoGraph_v1.5.7_default_Louvain,native_repeat,15,0.874196619966309,0.4620716714164137,algorithm_run,phenograph_full_run_points
Levine_13dim,PhenoGraph_v1.5.7_default_Louvain,native_repeat,16,0.8832426876911309,0.4668636019383321,algorithm_run,phenograph_full_run_points
Levine_13dim,PhenoGraph_v1.5.7_default_Louvain,native_repeat,17,0.8814945724617427,0.4654893834973924,algorithm_run,phenograph_full_run_points
Levine_13dim,PhenoGraph_v1.5.7_default_Louvain,native_repeat,18,0.8687108981902313,0.4621586349767497,algorithm_run,phenograph_full_run_points
Levine_13dim,PhenoGraph_v1.5.7_default_Louvain,native_repeat,19,0.8652910087678417,0.4653471890767144,algorithm_run,phenograph_full_run_points
Levine_13dim,PhenoGraph_v1.5.7_default_Louvain,native_repeat,20,0.8786396481874762,0.4638277950305287,algorithm_run,phenograph_full_run_points
Levine_13dim,PhenoGraph_v1.5.7_default_Louvain,native_repeat,21,0.8668066101688626,0.4624831533696147,algorithm_run,phenograph_full_run_points
Levine_13dim,PhenoGraph_v1.5.7_default_Louvain,native_repeat,22,0.8723496976546204,0.4632752281777327,algorithm_run,phenograph_full_run_points
Levine_13dim,PhenoGraph_v1.5.7_default_Louvain,native_repeat,23,0.8797869554909865,0.4649552779860437,algorithm_run,phenograph_full_run_points
Levine_13dim,PhenoGraph_v1.5.7_default_Louvain,native_repeat,24,0.8740111018486605,0.4644428382504082,algorithm_run,phenograph_full_run_points
Levine_13dim,PhenoGraph_v1.5.7_default_Louvain,native_repeat,25,0.8728589172192138,0.468161915756107,algorithm_run,phenograph_full_run_points
Levine_13dim,PhenoGraph_v1.5.7_default_Louvain,native_repeat,26,0.8673357476428057,0.4586134793152909,algorithm_run,phenograph_full_run_points
Levine_13dim,PhenoGraph_v1.5.7_default_Louvain,native_repeat,27,0.8660971572666556,0.4635047949808654,algorithm_run,phenograph_full_run_points
Levine_13dim,PhenoGraph_v1.5.7_default_Louvain,native_repeat,28,0.8806594419874314,0.4609523392170008,algorithm_run,phenograph_full_run_points
Levine_13dim,PhenoGraph_v1.5.7_default_Louvain,native_repeat,29,0.8694220611227274,0.4596737825655919,algorithm_run,phenograph_full_run_points
Levine_32dim,PhenoGraph_v1.5.7_default_Louvain,native_repeat,0,0.5708963613029843,0.6148836066914161,algorithm_run,phenograph_full_run_points
Levine_32dim,PhenoGraph_v1.5.7_default_Louvain,native_repeat,1,0.5515029248857491,0.6096089122258326,algorithm_run,phenograph_full_run_points
Levine_32dim,PhenoGraph_v1.5.7_default_Louvain,native_repeat,2,0.5893063473441209,0.6131448895023303,algorithm_run,phenograph_full_run_points
Levine_32dim,PhenoGraph_v1.5.7_default_Louvain,native_repeat,3,0.5681725938226564,0.5622496186074709,algorithm_run,phenograph_full_run_points
Levine_32dim,PhenoGraph_v1.5.7_default_Louvain,native_repeat,4,0.5712210968221753,0.5589734060860637,algorithm_run,phenograph_full_run_points
Levine_32dim,PhenoGraph_v1.5.7_default_Louvain,native_repeat,5,0.5545400247805274,0.554799598330123,algorithm_run,phenograph_full_run_points
Levine_32dim,PhenoGraph_v1.5.7_default_Louvain,native_repeat,6,0.5420692592043254,0.5464989455402893,algorithm_run,phenograph_full_run_points
Levine_32dim,PhenoGraph_v1.5.7_default_Louvain,native_repeat,7,0.4943824622651847,0.5402949540954274,algorithm_run,phenograph_full_run_points
Levine_32dim,PhenoGraph_v1.5.7_default_Louvain,native_repeat,8,0.5189808309325997,0.5726211638942192,algorithm_run,phenograph_full_run_points
Levine_32dim,PhenoGraph_v1.5.7_default_Louvain,native_repeat,9,0.534041259248999,0.5517510776991844,algorithm_run,phenograph_full_run_points
Levine_32dim,PhenoGraph_v1.5.7_default_Louvain,native_repeat,10,0.56504332146651,0.6090719657060856,algorithm_run,phenograph_full_run_points
Levine_32dim,PhenoGraph_v1.5.7_default_Louvain,native_repeat,11,0.5423211133774483,0.5566471426098265,algorithm_run,phenograph_full_run_points
Levine_32dim,PhenoGraph_v1.5.7_default_Louvain,native_repeat,12,0.5370961328200013,0.5595705352154055,algorithm_run,phenograph_full_run_points
Levine_32dim,PhenoGraph_v1.5.7_default_Louvain,native_repeat,13,0.5594860014115186,0.5521903194100667,algorithm_run,phenograph_full_run_points
Levine_32dim,PhenoGraph_v1.5.7_default_Louvain,native_repeat,14,0.5860812031458057,0.5648287643881141,algorithm_run,phenograph_full_run_points
Levine_32dim,PhenoGraph_v1.5.7_default_Louvain,native_repeat,15,0.5491860785895363,0.5537456092479932,algorithm_run,phenograph_full_run_points
Levine_32dim,PhenoGraph_v1.5.7_default_Louvain,native_repeat,16,0.5608982040928692,0.6064141564864317,algorithm_run,phenograph_full_run_points
Levine_32dim,PhenoGraph_v1.5.7_default_Louvain,native_repeat,17,0.5476674946509207,0.5585657809601425,algorithm_run,phenograph_full_run_points
Levine_32dim,PhenoGraph_v1.5.7_default_Louvain,native_repeat,18,0.5522522217191523,0.5562496868793442,algorithm_run,phenograph_full_run_points
Levine_32dim,PhenoGraph_v1.5.7_default_Louvain,native_repeat,19,0.5488236361009863,0.5650303567017319,algorithm_run,phenograph_full_run_points
Levine_32dim,PhenoGraph_v1.5.7_default_Louvain,native_repeat,20,0.5562876804820162,0.556120039079575,algorithm_run,phenograph_full_run_points
Levine_32dim,PhenoGraph_v1.5.7_default_Louvain,native_repeat,21,0.5698209091969775,0.6092192986432778,algorithm_run,phenograph_full_run_points
Levine_32dim,PhenoGraph_v1.5.7_default_Louvain,native_repeat,22,0.5713353157019829,0.619306760209304,algorithm_run,phenograph_full_run_points
Levine_32dim,PhenoGraph_v1.5.7_default_Louvain,native_repeat,23,0.5452379976174092,0.5525334334706775,algorithm_run,phenograph_full_run_points
Levine_32dim,PhenoGraph_v1.5.7_default_Louvain,native_repeat,24,0.5447569191885033,0.6009307892490201,algorithm_run,phenograph_full_run_points
Levine_32dim,PhenoGraph_v1.5.7_default_Louvain,native_repeat,25,0.5703639708638576,0.5727433358066697,algorithm_run,phenograph_full_run_points
Levine_32dim,PhenoGraph_v1.5.7_default_Louvain,native_repeat,26,0.5385203040454094,0.5497666165153597,algorithm_run,phenograph_full_run_points
Levine_32dim,PhenoGraph_v1.5.7_default_Louvain,native_repeat,27,0.5587513877577543,0.5902182337192972,algorithm_run,phenograph_full_run_points
Levine_32dim,PhenoGraph_v1.5.7_default_Louvain,native_repeat,28,0.5479709143521306,0.5623820439490387,algorithm_run,phenograph_full_run_points
Levine_32dim,PhenoGraph_v1.5.7_default_Louvain,native_repeat,29,0.5421560014496185,0.6030643539481823,algorithm_run,phenograph_full_run_points
Samusik_01,PhenoGraph_v1.5.7_default_Louvain,native_repeat,0,0.823069731379113,0.6188204248006758,algorithm_run,phenograph_full_run_points
Samusik_01,PhenoGraph_v1.5.7_default_Louvain,native_repeat,1,0.8154464253959846,0.6605179183258736,algorithm_run,phenograph_full_run_points
Samusik_01,PhenoGraph_v1.5.7_default_Louvain,native_repeat,2,0.8166611638559234,0.6610103051401071,algorithm_run,phenograph_full_run_points
Samusik_01,PhenoGraph_v1.5.7_default_Louvain,native_repeat,3,0.8062668611907777,0.656761316522036,algorithm_run,phenograph_full_run_points
Samusik_01,PhenoGraph_v1.5.7_default_Louvain,native_repeat,4,0.8448604695306716,0.6724779536387132,algorithm_run,phenograph_full_run_points
Samusik_01,PhenoGraph_v1.5.7_default_Louvain,native_repeat,5,0.8270088875571707,0.657710880715625,algorithm_run,phenograph_full_run_points
Samusik_01,PhenoGraph_v1.5.7_default_Louvain,native_repeat,6,0.8540649914782892,0.672830543146981,algorithm_run,phenograph_full_run_points
Samusik_01,PhenoGraph_v1.5.7_default_Louvain,native_repeat,7,0.8511955798823655,0.6565551722298436,algorithm_run,phenograph_full_run_points
Samusik_01,PhenoGraph_v1.5.7_default_Louvain,native_repeat,8,0.8355110993090569,0.651052266977641,algorithm_run,phenograph_full_run_points
Samusik_01,PhenoGraph_v1.5.7_default_Louvain,native_repeat,9,0.8290448604381069,0.6498873665831332,algorithm_run,phenograph_full_run_points
Samusik_01,PhenoGraph_v1.5.7_default_Louvain,native_repeat,10,0.8301255327169607,0.6571162926321722,algorithm_run,phenograph_full_run_points
Samusik_01,PhenoGraph_v1.5.7_default_Louvain,native_repeat,11,0.8300460975938814,0.6647565063315285,algorithm_run,phenograph_full_run_points
Samusik_01,PhenoGraph_v1.5.7_default_Louvain,native_repeat,12,0.8564358257330758,0.6572049444049016,algorithm_run,phenograph_full_run_points
Samusik_01,PhenoGraph_v1.5.7_default_Louvain,native_repeat,13,0.818048373497978,0.656941320475123,algorithm_run,phenograph_full_run_points
Samusik_01,PhenoGraph_v1.5.7_default_Louvain,native_repeat,14,0.8196995653373103,0.6538216532355633,algorithm_run,phenograph_full_run_points
Samusik_01,PhenoGraph_v1.5.7_default_Louvain,native_repeat,15,0.8209366183240858,0.6611981307610431,algorithm_run,phenograph_full_run_points
Samusik_01,PhenoGraph_v1.5.7_default_Louvain,native_repeat,16,0.8151496232815103,0.6129492797737043,algorithm_run,phenograph_full_run_points
Samusik_01,PhenoGraph_v1.5.7_default_Louvain,native_repeat,17,0.8370666917900452,0.6550211294841416,algorithm_run,phenograph_full_run_points
Samusik_01,PhenoGraph_v1.5.7_default_Louvain,native_repeat,18,0.8265107893798106,0.6642330772289529,algorithm_run,phenograph_full_run_points
Samusik_01,PhenoGraph_v1.5.7_default_Louvain,native_repeat,19,0.8392613079439445,0.6332872622866729,algorithm_run,phenograph_full_run_points
Samusik_01,PhenoGraph_v1.5.7_default_Louvain,native_repeat,20,0.8328256204155563,0.6432907918271068,algorithm_run,phenograph_full_run_points
Samusik_01,PhenoGraph_v1.5.7_default_Louvain,native_repeat,21,0.838240165200352,0.6452145624834001,algorithm_run,phenograph_full_run_points
Samusik_01,PhenoGraph_v1.5.7_default_Louvain,native_repeat,22,0.8101261915418589,0.620562289001418,algorithm_run,phenograph_full_run_points
Samusik_01,PhenoGraph_v1.5.7_default_Louvain,native_repeat,23,0.8338671906928345,0.6543931972826896,algorithm_run,phenograph_full_run_points
Samusik_01,PhenoGraph_v1.5.7_default_Louvain,native_repeat,24,0.8353580994893167,0.6708271832564737,algorithm_run,phenograph_full_run_points
Samusik_01,PhenoGraph_v1.5.7_default_Louvain,native_repeat,25,0.8056901774421381,0.6709325429889939,algorithm_run,phenograph_full_run_points
Samusik_01,PhenoGraph_v1.5.7_default_Louvain,native_repeat,26,0.8219847763576176,0.6407650155205663,algorithm_run,phenograph_full_run_points
Samusik_01,PhenoGraph_v1.5.7_default_Louvain,native_repeat,27,0.8363884898156148,0.6529587449319963,algorithm_run,phenograph_full_run_points
Samusik_01,PhenoGraph_v1.5.7_default_Louvain,native_repeat,28,0.831310110949598,0.6424256715982816,algorithm_run,phenograph_full_run_points
Samusik_01,PhenoGraph_v1.5.7_default_Louvain,native_repeat,29,0.832147640040948,0.6371917714339813,algorithm_run,phenograph_full_run_points
