dataset,method,regime,label_informed_regime,repeat_type,repeat_id,ari,precision,recall,f1,f2,source_id
Nilsson_rare,GMM,K=2,True,controlled_seed,0,0.0077485967738215,0.0199687639446675,1.0,0.0391556381931532,0.0924586776859504,gmm_rare_runs
Nilsson_rare,GMM,K=2,True,controlled_seed,1,0.0077508173952525,0.0199698778378981,1.0,0.0391577796007656,0.0924634536907898,gmm_rare_runs
Nilsson_rare,GMM,K=2,True,controlled_seed,2,0.0077508173952525,0.0199698778378981,1.0,0.0391577796007656,0.0924634536907898,gmm_rare_runs
Nilsson_rare,GMM,K=2,True,controlled_seed,3,0.0077508173952525,0.0199698778378981,1.0,0.0391577796007656,0.0924634536907898,gmm_rare_runs
Nilsson_rare,GMM,K=2,True,controlled_seed,4,0.0077508173952525,0.0199698778378981,1.0,0.0391577796007656,0.0924634536907898,gmm_rare_runs
Nilsson_rare,GMM,K=2,True,controlled_seed,5,0.0077485967738215,0.0199687639446675,1.0,0.0391556381931532,0.0924586776859504,gmm_rare_runs
Nilsson_rare,GMM,K=2,True,controlled_seed,6,0.0077508173952525,0.0199698778378981,1.0,0.0391577796007656,0.0924634536907898,gmm_rare_runs
Nilsson_rare,GMM,K=2,True,controlled_seed,7,0.0077508173952525,0.0199698778378981,1.0,0.0391577796007656,0.0924634536907898,gmm_rare_runs
Nilsson_rare,GMM,K=2,True,controlled_seed,8,0.0077508173952525,0.0199698778378981,1.0,0.0391577796007656,0.0924634536907898,gmm_rare_runs
Nilsson_rare,GMM,K=2,True,controlled_seed,9,0.0077485967738215,0.0199687639446675,1.0,0.0391556381931532,0.0924586776859504,gmm_rare_runs
Nilsson_rare,GMM,K=2,True,controlled_seed,10,0.0077508173952525,0.0199698778378981,1.0,0.0391577796007656,0.0924634536907898,gmm_rare_runs
Nilsson_rare,GMM,K=2,True,controlled_seed,11,0.0077485967738215,0.0199687639446675,1.0,0.0391556381931532,0.0924586776859504,gmm_rare_runs
Nilsson_rare,GMM,K=2,True,controlled_seed,12,0.0077508173952525,0.0199698778378981,1.0,0.0391577796007656,0.0924634536907898,gmm_rare_runs
Nilsson_rare,GMM,K=2,True,controlled_seed,13,0.0077485967738215,0.0199687639446675,1.0,0.0391556381931532,0.0924586776859504,gmm_rare_runs
Nilsson_rare,GMM,K=2,True,controlled_seed,14,0.0077485967738215,0.0199687639446675,1.0,0.0391556381931532,0.0924586776859504,gmm_rare_runs
Nilsson_rare,GMM,K=2,True,controlled_seed,15,0.0077508173952525,0.0199698778378981,1.0,0.0391577796007656,0.0924634536907898,gmm_rare_runs
Nilsson_rare,GMM,K=2,True,controlled_seed,16,0.0077485967738215,0.0199687639446675,1.0,0.0391556381931532,0.0924586776859504,gmm_rare_runs
Nilsson_rare,GMM,K=2,True,controlled_seed,17,0.0077508173952525,0.0199698778378981,1.0,0.0391577796007656,0.0924634536907898,gmm_rare_runs
Nilsson_rare,GMM,K=2,True,controlled_seed,18,0.0077485967738215,0.0199687639446675,1.0,0.0391556381931532,0.0924586776859504,gmm_rare_runs
Nilsson_rare,GMM,K=2,True,controlled_seed,19,0.0077485967738215,0.0199687639446675,1.0,0.0391556381931532,0.0924586776859504,gmm_rare_runs
Nilsson_rare,GMM,K=2,True,controlled_seed,20,0.0077508173952525,0.0199698778378981,1.0,0.0391577796007656,0.0924634536907898,gmm_rare_runs
Nilsson_rare,GMM,K=2,True,controlled_seed,21,0.0077508173952525,0.0199698778378981,1.0,0.0391577796007656,0.0924634536907898,gmm_rare_runs
Nilsson_rare,GMM,K=2,True,controlled_seed,22,0.0077508173952525,0.0199698778378981,1.0,0.0391577796007656,0.0924634536907898,gmm_rare_runs
Nilsson_rare,GMM,K=2,True,controlled_seed,23,0.0077508173952525,0.0199698778378981,1.0,0.0391577796007656,0.0924634536907898,gmm_rare_runs
Nilsson_rare,GMM,K=2,True,controlled_seed,24,0.0077508173952525,0.0199698778378981,1.0,0.0391577796007656,0.0924634536907898,gmm_rare_runs
Nilsson_rare,GMM,K=2,True,controlled_seed,25,0.0077508173952525,0.0199698778378981,1.0,0.0391577796007656,0.0924634536907898,gmm_rare_runs
Nilsson_rare,GMM,K=2,True,controlled_seed,26,0.0077508173952525,0.0199698778378981,1.0,0.0391577796007656,0.0924634536907898,gmm_rare_runs
Nilsson_rare,GMM,K=2,True,controlled_seed,27,0.0077485967738215,0.0199687639446675,1.0,0.0391556381931532,0.0924586776859504,gmm_rare_runs
Nilsson_rare,GMM,K=2,True,controlled_seed,28,0.0077508173952525,0.0199698778378981,1.0,0.0391577796007656,0.0924634536907898,gmm_rare_runs
Nilsson_rare,GMM,K=2,True,controlled_seed,29,0.0077508173952525,0.0199698778378981,1.0,0.0391577796007656,0.0924634536907898,gmm_rare_runs
Nilsson_rare,GMM,K=10,False,controlled_seed,0,0.0022331006057082,0.0533980582524271,0.9217877094972068,0.1009483022330988,0.2167630057803468,gmm_rare_runs
Nilsson_rare,GMM,K=10,False,controlled_seed,1,0.0028620637729183,0.0788095238095238,0.9245810055865922,0.1452391399736726,0.2938565340909091,gmm_rare_runs
Nilsson_rare,GMM,K=10,False,controlled_seed,2,0.0023934878501308,0.0540143603133159,0.9245810055865922,0.1020659882824545,0.2189153439153439,gmm_rare_runs
Nilsson_rare,GMM,K=10,False,controlled_seed,3,0.001452496439702,0.0537512179278986,0.9245810055865922,0.1015960712093308,0.2180500658761528,gmm_rare_runs
Nilsson_rare,GMM,K=10,False,controlled_seed,4,0.0023834029028915,0.0540983606557377,0.9217877094972068,0.1021988231650666,0.2190653212958046,gmm_rare_runs
Nilsson_rare,GMM,K=10,False,controlled_seed,5,0.0026353668411145,0.0739334375698012,0.9245810055865922,0.136918304033092,0.2800812320189542,gmm_rare_runs
Nilsson_rare,GMM,K=10,False,controlled_seed,6,0.0022713553278032,0.0533980582524271,0.9217877094972068,0.1009483022330988,0.2167630057803468,gmm_rare_runs
Nilsson_rare,GMM,K=10,False,controlled_seed,7,0.0007840781798334,0.0541605120630231,0.9217877094972068,0.1023097194233452,0.2192691029900332,gmm_rare_runs
Nilsson_rare,GMM,K=10,False,controlled_seed,8,0.0041446638703932,0.0728272827282728,0.9245810055865922,0.1350193758923108,0.2768947632591601,gmm_rare_runs
Nilsson_rare,GMM,K=10,False,controlled_seed,9,0.0015142177290289,0.0540496407576747,0.9245810055865922,0.1021289725393397,0.2190312334568555,gmm_rare_runs
Nilsson_rare,GMM,K=10,False,controlled_seed,10,0.0038374692156592,0.0726833552920509,0.9245810055865922,0.134771986970684,0.276478449716004,gmm_rare_runs
Nilsson_rare,GMM,K=10,False,controlled_seed,11,0.0023416722144926,0.0533721494420184,0.9217877094972068,0.1009020027518728,0.216677609980302,gmm_rare_runs
Nilsson_rare,GMM,K=10,False,controlled_seed,12,0.0019328297746688,0.0546655656482246,0.9245810055865922,0.1032278184936847,0.2210498196874582,gmm_rare_runs
Nilsson_rare,GMM,K=10,False,controlled_seed,13,0.002486480997709,0.0695232094097878,0.9245810055865922,0.1293221332291463,0.2672372032940416,gmm_rare_runs
Nilsson_rare,GMM,K=10,False,controlled_seed,14,0.0041425293484999,0.0892905314270299,0.9245810055865922,0.1628536285362853,0.3220470908737108,gmm_rare_runs
Nilsson_rare,GMM,K=10,False,controlled_seed,15,0.0021769033242743,0.0559027191352812,0.9245810055865922,0.1054308010829749,0.2250781993744049,gmm_rare_runs
Nilsson_rare,GMM,K=10,False,controlled_seed,16,0.0025586752820345,0.0838611603749683,0.9245810055865922,0.1537746806039489,0.3076780070645101,gmm_rare_runs
Nilsson_rare,GMM,K=10,False,controlled_seed,17,0.0037885336933575,0.0726833552920509,0.9245810055865922,0.134771986970684,0.276478449716004,gmm_rare_runs
Nilsson_rare,GMM,K=10,False,controlled_seed,18,0.0022869385461281,0.0533721494420184,0.9217877094972068,0.1009020027518728,0.216677609980302,gmm_rare_runs
Nilsson_rare,GMM,K=10,False,controlled_seed,19,0.0027877515880397,0.0538561666124308,0.9245810055865922,0.1017835178351783,0.2183953549749274,gmm_rare_runs
Nilsson_rare,GMM,K=10,False,controlled_seed,20,0.0022736789528328,0.0533980582524271,0.9217877094972068,0.1009483022330988,0.2167630057803468,gmm_rare_runs
Nilsson_rare,GMM,K=10,False,controlled_seed,21,0.003786341741409,0.0726833552920509,0.9245810055865922,0.134771986970684,0.276478449716004,gmm_rare_runs
Nilsson_rare,GMM,K=10,False,controlled_seed,22,0.0040722106617083,0.0885737222370885,0.9245810055865922,0.1616605616605616,0.3201779841361966,gmm_rare_runs
Nilsson_rare,GMM,K=10,False,controlled_seed,23,0.0042011367995135,0.0760045924225028,0.9245810055865922,0.1404625503925313,0.285985830309314,gmm_rare_runs
Nilsson_rare,GMM,K=10,False,controlled_seed,24,0.0013761639635105,0.0541960913122023,0.9217877094972068,0.1023731968357375,0.2193857199840446,gmm_rare_runs
Nilsson_rare,GMM,K=10,False,controlled_seed,25,0.001990476992817,0.0546745953088866,0.9245810055865922,0.103243917654398,0.2210793481164841,gmm_rare_runs
Nilsson_rare,GMM,K=10,False,controlled_seed,26,0.0024466612406942,0.0547650562541363,0.9245810055865922,0.1034051858794126,0.2213750668806848,gmm_rare_runs
Nilsson_rare,GMM,K=10,False,controlled_seed,27,0.0007907866636605,0.0541694024950755,0.9217877094972068,0.1023255813953488,0.219298245614035,gmm_rare_runs
Nilsson_rare,GMM,K=10,False,controlled_seed,28,0.0041287372199308,0.0728433098591549,0.9245810055865922,0.135046919624643,0.2769410977242302,gmm_rare_runs
Nilsson_rare,GMM,K=10,False,controlled_seed,29,0.0013692703623798,0.0541871921182266,0.9217877094972068,0.1023573200992555,0.21935655410795,gmm_rare_runs
Nilsson_rare,GMM,K=40,False,controlled_seed,0,0.0009482773308936,0.2660550458715596,0.8910614525139665,0.4097623635195889,0.6062333713416951,gmm_rare_runs
Nilsson_rare,GMM,K=40,False,controlled_seed,1,0.000851507973902,0.2216104611149346,0.8994413407821229,0.3556046383213694,0.5580589254766031,gmm_rare_runs
Nilsson_rare,GMM,K=40,False,controlled_seed,2,0.0008237059277673,0.2710997442455243,0.888268156424581,0.4154147615937296,0.6103646833013435,gmm_rare_runs
Nilsson_rare,GMM,K=40,False,controlled_seed,3,0.0011322124377899,0.3062248995983935,0.8519553072625698,0.4505169867060561,0.6280889621087316,gmm_rare_runs
Nilsson_rare,GMM,K=40,False,controlled_seed,4,0.0009636933138943,0.2673931265716681,0.8910614525139665,0.4113475177304964,0.6076190476190476,gmm_rare_runs
Nilsson_rare,GMM,K=40,False,controlled_seed,5,0.0007501010380904,0.2344777209642074,0.8966480446927374,0.3717429067747539,0.5730096394144948,gmm_rare_runs
Nilsson_rare,GMM,K=40,False,controlled_seed,6,0.0010274359476633,0.3201251303441084,0.8575418994413407,0.466211085801063,0.6419907988289419,gmm_rare_runs
Nilsson_rare,GMM,K=40,False,controlled_seed,7,0.0011478125030596,0.3038461538461538,0.88268156424581,0.452074391988555,0.6391585760517798,gmm_rare_runs
Nilsson_rare,GMM,K=40,False,controlled_seed,8,0.0012294270408364,0.29688972667295,0.8798882681564246,0.4439746300211417,0.631768953068592,gmm_rare_runs
Nilsson_rare,GMM,K=40,False,controlled_seed,9,0.000778974188756,0.2450532724505327,0.8994413407821229,0.3851674641148325,0.5863073561544064,gmm_rare_runs
Nilsson_rare,GMM,K=40,False,controlled_seed,10,0.0008723022577791,0.2723367697594501,0.8854748603351955,0.4165571616294349,0.6105546995377503,gmm_rare_runs
Nilsson_rare,GMM,K=40,False,controlled_seed,11,0.0009993031584754,0.2937384898710866,0.8910614525139665,0.4418282548476455,0.6334392374900716,gmm_rare_runs
Nilsson_rare,GMM,K=40,False,controlled_seed,12,0.0011558429046117,0.3480333730631704,0.8156424581005587,0.4878863826232247,0.6428885953324527,gmm_rare_runs
Nilsson_rare,GMM,K=40,False,controlled_seed,13,0.0010275345143019,0.2562248995983935,0.8910614525139665,0.3980037429819089,0.5958162121778111,gmm_rare_runs
Nilsson_rare,GMM,K=40,False,controlled_seed,14,0.0012855791769743,0.3300110741971207,0.8324022346368715,0.4726407613005551,0.6381156316916489,gmm_rare_runs
Nilsson_rare,GMM,K=40,False,controlled_seed,15,0.0009735004852246,0.2597402597402597,0.8938547486033519,0.4025157232704401,0.6006006006006006,gmm_rare_runs
Nilsson_rare,GMM,K=40,False,controlled_seed,16,0.000679292902007,0.2276595744680851,0.8966480446927374,0.3631221719457013,0.5647431386347642,gmm_rare_runs
Nilsson_rare,GMM,K=40,False,controlled_seed,17,0.0014867668380516,0.3289617486338798,0.840782122905028,0.4728986645718775,0.6412441414571795,gmm_rare_runs
Nilsson_rare,GMM,K=40,False,controlled_seed,18,0.0009309539669377,0.2696534234995773,0.8910614525139665,0.4140168721609344,0.609942638623327,gmm_rare_runs
Nilsson_rare,GMM,K=40,False,controlled_seed,19,0.0014472395525772,0.3264192139737991,0.835195530726257,0.4693877551020409,0.6367120954003408,gmm_rare_runs
Nilsson_rare,GMM,K=40,False,controlled_seed,20,0.0012766794591339,0.2662771285475793,0.8910614525139665,0.4100257069408741,0.6064638783269962,gmm_rare_runs
Nilsson_rare,GMM,K=40,False,controlled_seed,21,0.0008852300702475,0.2586623690572119,0.8966480446927374,0.4015009380863039,0.600448933782267,gmm_rare_runs
Nilsson_rare,GMM,K=40,False,controlled_seed,22,0.0010334696726583,0.1873563218390804,0.9106145251396648,0.3107721639656816,0.5138713745271122,gmm_rare_runs
Nilsson_rare,GMM,K=40,False,controlled_seed,23,0.0011570431418354,0.232258064516129,0.905027932960894,0.3696520250998289,0.5730456314113901,gmm_rare_runs
Nilsson_rare,GMM,K=40,False,controlled_seed,24,0.0005948337533989,0.1848691695108077,0.9078212290502792,0.3071833648393194,0.5094043887147336,gmm_rare_runs
Nilsson_rare,GMM,K=40,False,controlled_seed,25,0.0010602930089019,0.2651704073150457,0.8910614525139665,0.4087123638693145,0.6053130929791272,gmm_rare_runs
Nilsson_rare,GMM,K=40,False,controlled_seed,26,0.0009696104622184,0.2643391521197007,0.888268156424581,0.407431133888533,0.603415559772296,gmm_rare_runs
Nilsson_rare,GMM,K=40,False,controlled_seed,27,0.0010219745335916,0.29688972667295,0.8798882681564246,0.4439746300211417,0.631768953068592,gmm_rare_runs
Nilsson_rare,GMM,K=40,False,controlled_seed,28,0.0012565492734494,0.3219461697722567,0.8687150837988827,0.4697885196374622,0.6484570475396164,gmm_rare_runs
Nilsson_rare,GMM,K=40,False,controlled_seed,29,0.0009693601312533,0.286101083032491,0.8854748603351955,0.4324693042291951,0.6240157480314961,gmm_rare_runs
Mosmann_rare,GMM,K=2,True,controlled_seed,0,4.3765204814764905e-05,0.0004670213165706,0.7981651376146789,0.0009334964269619,0.0023296540865345,gmm_rare_runs
Mosmann_rare,GMM,K=2,True,controlled_seed,1,4.368887913009415e-05,0.000466973688448,0.7981651376146789,0.0009334012820856,0.0023294170566878,gmm_rare_runs
Mosmann_rare,GMM,K=2,True,controlled_seed,2,4.374109949884845e-05,0.0004670062750613,0.7981651376146789,0.0009334663791161,0.0023295792297929,gmm_rare_runs
Mosmann_rare,GMM,K=2,True,controlled_seed,3,4.369289570185144e-05,0.0004669761949491,0.7981651376146789,0.0009334062892272,0.0023294295307404,gmm_rare_runs
Mosmann_rare,GMM,K=2,True,controlled_seed,4,4.374109949884845e-05,0.0004670062750613,0.7981651376146789,0.0009334663791161,0.0023295792297929,gmm_rare_runs
Mosmann_rare,GMM,K=2,True,controlled_seed,5,4.374109949884845e-05,0.0004670062750613,0.7981651376146789,0.0009334663791161,0.0023295792297929,gmm_rare_runs
Mosmann_rare,GMM,K=2,True,controlled_seed,6,4.3761187103888017e-05,0.0004670188095851,0.7981651376146789,0.0009334914188533,0.0023296416100769,gmm_rare_runs
Mosmann_rare,GMM,K=2,True,controlled_seed,7,4.375315187200541e-05,0.0004670137956948,0.7981651376146789,0.0009334814027972,0.0023296166575624,gmm_rare_runs
Mosmann_rare,GMM,K=2,True,controlled_seed,8,4.3765204814764905e-05,0.0004670213165706,0.7981651376146789,0.0009334964269619,0.0023296540865345,gmm_rare_runs
Mosmann_rare,GMM,K=2,True,controlled_seed,9,4.369289570185144e-05,0.0004669761949491,0.7981651376146789,0.0009334062892272,0.0023294295307404,gmm_rare_runs
Mosmann_rare,GMM,K=2,True,controlled_seed,10,4.369289570185144e-05,0.0004669761949491,0.7981651376146789,0.0009334062892272,0.0023294295307404,gmm_rare_runs
Mosmann_rare,GMM,K=2,True,controlled_seed,11,4.3765204814764905e-05,0.0004670213165706,0.7981651376146789,0.0009334964269619,0.0023296540865345,gmm_rare_runs
Mosmann_rare,GMM,K=2,True,controlled_seed,12,4.3761187103888017e-05,0.0004670188095851,0.7981651376146789,0.0009334914188533,0.0023296416100769,gmm_rare_runs
Mosmann_rare,GMM,K=2,True,controlled_seed,13,4.369289570185144e-05,0.0004669761949491,0.7981651376146789,0.0009334062892272,0.0023294295307404,gmm_rare_runs
Mosmann_rare,GMM,K=2,True,controlled_seed,14,4.3761187103888017e-05,0.0004670188095851,0.7981651376146789,0.0009334914188533,0.0023296416100769,gmm_rare_runs
Mosmann_rare,GMM,K=2,True,controlled_seed,15,4.3684862621614334e-05,0.0004669711819738,0.7981651376146789,0.0009333962749978,0.0023294045827688,gmm_rare_runs
Mosmann_rare,GMM,K=2,True,controlled_seed,16,4.368887913009415e-05,0.000466973688448,0.7981651376146789,0.0009334012820856,0.0023294170566878,gmm_rare_runs
Mosmann_rare,GMM,K=2,True,controlled_seed,17,4.374511689327948e-05,0.0004670087819122,0.7981651376146789,0.000933471386956,0.0023295917055824,gmm_rare_runs
Mosmann_rare,GMM,K=2,True,controlled_seed,18,4.374109949884845e-05,0.0004670062750613,0.7981651376146789,0.0009334663791161,0.0023295792297929,gmm_rare_runs
Mosmann_rare,GMM,K=2,True,controlled_seed,19,4.369289570185144e-05,0.0004669761949491,0.7981651376146789,0.0009334062892272,0.0023294295307404,gmm_rare_runs
Mosmann_rare,GMM,K=2,True,controlled_seed,20,4.375315187200541e-05,0.0004670137956948,0.7981651376146789,0.0009334814027972,0.0023296166575624,gmm_rare_runs
Mosmann_rare,GMM,K=2,True,controlled_seed,21,4.3684862621614334e-05,0.0004669711819738,0.7981651376146789,0.0009333962749978,0.0023294045827688,gmm_rare_runs
Mosmann_rare,GMM,K=2,True,controlled_seed,22,4.374109949884845e-05,0.0004670062750613,0.7981651376146789,0.0009334663791161,0.0023295792297929,gmm_rare_runs
Mosmann_rare,GMM,K=2,True,controlled_seed,23,4.3765204814764905e-05,0.0004670213165706,0.7981651376146789,0.0009334964269619,0.0023296540865345,gmm_rare_runs
Mosmann_rare,GMM,K=2,True,controlled_seed,24,4.3761187103888017e-05,0.0004670188095851,0.7981651376146789,0.0009334914188533,0.0023296416100769,gmm_rare_runs
Mosmann_rare,GMM,K=2,True,controlled_seed,25,4.369289570185144e-05,0.0004669761949491,0.7981651376146789,0.0009334062892272,0.0023294295307404,gmm_rare_runs
Mosmann_rare,GMM,K=2,True,controlled_seed,26,4.3765204814764905e-05,0.0004670213165706,0.7981651376146789,0.0009334964269619,0.0023296540865345,gmm_rare_runs
Mosmann_rare,GMM,K=2,True,controlled_seed,27,4.369289570185144e-05,0.0004669761949491,0.7981651376146789,0.0009334062892272,0.0023294295307404,gmm_rare_runs
Mosmann_rare,GMM,K=2,True,controlled_seed,28,4.3761187103888017e-05,0.0004670188095851,0.7981651376146789,0.0009334914188533,0.0023296416100769,gmm_rare_runs
Mosmann_rare,GMM,K=2,True,controlled_seed,29,4.3765204814764905e-05,0.0004670213165706,0.7981651376146789,0.0009334964269619,0.0023296540865345,gmm_rare_runs
Mosmann_rare,GMM,K=10,False,controlled_seed,0,0.0001069053486367,0.0067546631963809,1.0,0.0134186876769666,0.0328848126470765,gmm_rare_runs
Mosmann_rare,GMM,K=10,False,controlled_seed,1,8.332954439478621e-05,0.0051575660073814,1.0,0.0102622040201478,0.0252665739452943,gmm_rare_runs
Mosmann_rare,GMM,K=10,False,controlled_seed,2,7.91187919665868e-05,0.0051761800740811,1.0,0.0102990504086549,0.0253559132781241,gmm_rare_runs
Mosmann_rare,GMM,K=10,False,controlled_seed,3,0.0001112473832868,0.0071545782737118,1.0,0.0142075078206465,0.0347776147023163,gmm_rare_runs
Mosmann_rare,GMM,K=10,False,controlled_seed,4,6.893451738615223e-05,0.0047455265793025,1.0,0.009446225842794,0.0232856227301858,gmm_rare_runs
Mosmann_rare,GMM,K=10,False,controlled_seed,5,7.890218417502869e-05,0.0051238659333427,1.0,0.0101954915349359,0.0251047952462112,gmm_rare_runs
Mosmann_rare,GMM,K=10,False,controlled_seed,6,0.000142335777275,0.0105368790767686,0.963302752293578,0.0208457415128052,0.0504759157773291,gmm_rare_runs
Mosmann_rare,GMM,K=10,False,controlled_seed,7,8.63384972321251e-05,0.0053292915464724,1.0,0.0106020815095807,0.0260902867537938,gmm_rare_runs
Mosmann_rare,GMM,K=10,False,controlled_seed,8,0.0001172395733127,0.0064375147649421,1.0,0.0127926764861217,0.0313795485951174,gmm_rare_runs
Mosmann_rare,GMM,K=10,False,controlled_seed,9,8.052209602265773e-05,0.0051108922961504,1.0,0.0101698077999626,0.0250425033313421,gmm_rare_runs
Mosmann_rare,GMM,K=10,False,controlled_seed,10,0.0001072860818091,0.0057044079515989,0.908256880733945,0.0113376087952359,0.0278230566016525,gmm_rare_runs
Mosmann_rare,GMM,K=10,False,controlled_seed,11,7.60693674041166e-05,0.0050188783497559,1.0,0.0099876299995418,0.0246005236074749,gmm_rare_runs
Mosmann_rare,GMM,K=10,False,controlled_seed,12,7.558157954094772e-05,0.0049967910516182,1.0,0.0099438945399808,0.0244943820224719,gmm_rare_runs
Mosmann_rare,GMM,K=10,False,controlled_seed,13,9.833954536617776e-05,0.0053300733496332,1.0,0.0106036285811566,0.0260940342813367,gmm_rare_runs
Mosmann_rare,GMM,K=10,False,controlled_seed,14,7.149723575701745e-05,0.0038773477518497,1.0,0.0077247439849757,0.0190906543365559,gmm_rare_runs
Mosmann_rare,GMM,K=10,False,controlled_seed,15,7.108142896468901e-05,0.004899757259732,1.0,0.0097517333929769,0.0240278635041001,gmm_rare_runs
Mosmann_rare,GMM,K=10,False,controlled_seed,16,7.120644839121155e-05,0.0049105735009235,1.0,0.0097731552048776,0.0240798833561613,gmm_rare_runs
Mosmann_rare,GMM,K=10,False,controlled_seed,17,7.937200500737137e-05,0.0051439358187824,1.0,0.0102352223109066,0.0252011467677795,gmm_rare_runs
Mosmann_rare,GMM,K=10,False,controlled_seed,18,7.665299100365943e-05,0.0050367358255163,1.0,0.0100229885057471,0.0246863251347556,gmm_rare_runs
Mosmann_rare,GMM,K=10,False,controlled_seed,19,7.705267744407277e-05,0.0050509731232622,1.0,0.010051178016506,0.0247547238372093,gmm_rare_runs
Mosmann_rare,GMM,K=10,False,controlled_seed,20,9.626758469296287e-05,0.0059433632443771,0.9357798165137616,0.0118117074865381,0.028980565973406,gmm_rare_runs
Mosmann_rare,GMM,K=10,False,controlled_seed,21,6.667980999824586e-05,0.0039382881092603,1.0,0.0078456776794068,0.0193860491587521,gmm_rare_runs
Mosmann_rare,GMM,K=10,False,controlled_seed,22,0.0001070541718122,0.0067722895309102,1.0,0.0134534682794371,0.0329683624705099,gmm_rare_runs
Mosmann_rare,GMM,K=10,False,controlled_seed,23,8.290136359055255e-05,0.0051838112902458,1.0,0.0103141559424678,0.0253925359921725,gmm_rare_runs
Mosmann_rare,GMM,K=10,False,controlled_seed,24,0.0001189593455443,0.0081143452691133,1.0,0.0160980652783931,0.039296272261879,gmm_rare_runs
Mosmann_rare,GMM,K=10,False,controlled_seed,25,8.176230682076234e-05,0.0051269990592662,1.0,0.0102016940427722,0.025119837758112,gmm_rare_runs
Mosmann_rare,GMM,K=10,False,controlled_seed,26,8.317211083720914e-05,0.0051776553296598,1.0,0.010301970606304,0.0253629932985852,gmm_rare_runs
Mosmann_rare,GMM,K=10,False,controlled_seed,27,7.900119267576264e-05,0.0051279638690252,1.0,0.0102036040252749,0.0251244698506361,gmm_rare_runs
Mosmann_rare,GMM,K=10,False,controlled_seed,28,7.624631199449849e-05,0.0038715635433686,1.0,0.0077132646923539,0.0190626093039524,gmm_rare_runs
Mosmann_rare,GMM,K=10,False,controlled_seed,29,7.975666758481296e-05,0.0051607404952417,1.0,0.0102684879886952,0.0252818110126641,gmm_rare_runs
Mosmann_rare,GMM,K=40,False,controlled_seed,0,3.037499792379505e-05,0.0405656866393747,1.0,0.0779685264663805,0.1745116874799872,gmm_rare_runs
Mosmann_rare,GMM,K=40,False,controlled_seed,1,3.146007456769691e-05,0.0449114132674083,1.0,0.0859621451104101,0.1903597624869018,gmm_rare_runs
Mosmann_rare,GMM,K=40,False,controlled_seed,2,3.0435226234886587e-05,0.0368978476255551,0.9908256880733946,0.0711462450592885,0.1605709188224799,gmm_rare_runs
Mosmann_rare,GMM,K=40,False,controlled_seed,3,2.9516335061060023e-05,0.0421974522292993,0.9724770642201837,0.0808851583365127,0.1797829036635007,gmm_rare_runs
Mosmann_rare,GMM,K=40,False,controlled_seed,4,3.0731381366250795e-05,0.0426114151681,1.0,0.0817397825271841,0.1820307281229125,gmm_rare_runs
Mosmann_rare,GMM,K=40,False,controlled_seed,5,3.621457805147897e-05,0.0512091038406827,0.9908256880733946,0.0973850315599639,0.212180746561886,gmm_rare_runs
Mosmann_rare,GMM,K=40,False,controlled_seed,6,3.1488068593113605e-05,0.0425364316660102,0.9908256880733946,0.0815709969788519,0.1815126050420168,gmm_rare_runs
Mosmann_rare,GMM,K=40,False,controlled_seed,7,3.1603452618228184e-05,0.0415238095238095,1.0,0.0797366495976591,0.178046390068605,gmm_rare_runs
Mosmann_rare,GMM,K=40,False,controlled_seed,8,3.343999934048908e-05,0.0459140690817186,1.0,0.0877970197341925,0.193950177935943,gmm_rare_runs
Mosmann_rare,GMM,K=40,False,controlled_seed,9,3.3745447318262824e-05,0.0583900226757369,0.944954128440367,0.1099839829151094,0.2340909090909091,gmm_rare_runs
Mosmann_rare,GMM,K=40,False,controlled_seed,10,2.9945117821911385e-05,0.0403316999623068,0.981651376146789,0.0774800868935553,0.1731952088054386,gmm_rare_runs
Mosmann_rare,GMM,K=40,False,controlled_seed,11,2.863531550824847e-05,0.0397810218978102,1.0,0.0765180765180765,0.1715994962216624,gmm_rare_runs
Mosmann_rare,GMM,K=40,False,controlled_seed,12,3.347417988610509e-05,0.2941176470588235,0.3669724770642202,0.3265306122448979,0.3496503496503497,gmm_rare_runs
Mosmann_rare,GMM,K=40,False,controlled_seed,13,3.302517285980103e-05,0.0381519075953797,1.0,0.0734996628455832,0.1655025812329183,gmm_rare_runs
Mosmann_rare,GMM,K=40,False,controlled_seed,14,3.4656284724556345e-05,0.048169556840077,0.9174311926605504,0.091533180778032,0.1990445859872611,gmm_rare_runs
Mosmann_rare,GMM,K=40,False,controlled_seed,15,2.909847784752421e-05,0.0371538731160182,0.9724770642201837,0.0715732613099257,0.1611432046214654,gmm_rare_runs
Mosmann_rare,GMM,K=40,False,controlled_seed,16,3.1770075607411576e-05,0.0516098484848484,1.0,0.0981539846915803,0.2138932496075353,gmm_rare_runs
Mosmann_rare,GMM,K=40,False,controlled_seed,17,3.3069611130877706e-05,0.0461668784413384,1.0,0.0882591093117408,0.1948516267429388,gmm_rare_runs
Mosmann_rare,GMM,K=40,False,controlled_seed,18,3.401584849809469e-05,0.0439161966156325,1.0,0.0841373986877653,0.1867717614804661,gmm_rare_runs
Mosmann_rare,GMM,K=40,False,controlled_seed,19,3.6647162721453374e-05,0.0407172207695181,1.0,0.078248384781048,0.1750722775457757,gmm_rare_runs
Mosmann_rare,GMM,K=40,False,controlled_seed,20,3.363084644997774e-05,0.056473095364944,0.9724770642201837,0.1067472306143001,0.2291396454820579,gmm_rare_runs
Mosmann_rare,GMM,K=40,False,controlled_seed,21,3.685858327283798e-05,0.0374313186813186,1.0,0.0721615359152598,0.1627837514934289,gmm_rare_runs
Mosmann_rare,GMM,K=40,False,controlled_seed,22,3.219110357394235e-05,0.042084942084942,1.0,0.0807706557984438,0.1801057501652346,gmm_rare_runs
Mosmann_rare,GMM,K=40,False,controlled_seed,23,3.001881300557727e-05,0.0369616819260766,1.0,0.0712884238064094,0.1610044313146233,gmm_rare_runs
Mosmann_rare,GMM,K=40,False,controlled_seed,24,3.506537382708361e-05,0.0981132075471698,0.9541284403669724,0.1779298545765611,0.3475935828877006,gmm_rare_runs
Mosmann_rare,GMM,K=40,False,controlled_seed,25,3.147836252246221e-05,0.0342659541024834,1.0,0.0662613981762918,0.1506773569256289,gmm_rare_runs
Mosmann_rare,GMM,K=40,False,controlled_seed,26,3.327032584667281e-05,0.0692307692307692,0.908256880733945,0.1286549707602339,0.2652733118971061,gmm_rare_runs
Mosmann_rare,GMM,K=40,False,controlled_seed,27,3.292269065214243e-05,0.0462845010615711,1.0,0.0884740259740259,0.1952705123611608,gmm_rare_runs
Mosmann_rare,GMM,K=40,False,controlled_seed,28,2.921784700465132e-05,0.0406947890818858,0.7522935779816514,0.0772128060263653,0.1672786617707058,gmm_rare_runs
Mosmann_rare,GMM,K=40,False,controlled_seed,29,2.9977963729916973e-05,0.0349023374959974,1.0,0.0674504950495049,0.1531329025007024,gmm_rare_runs
Mosmann_rare,official_Xshift,neighbor_K=20,False,single_fixed_partition,0,0.00011325007319929605,0.7672413793103449,0.8165137614678899,0.7911111111111111,0.8061594202898551,xshift_k_sensitivity
Nilsson_rare,official_Xshift,neighbor_K=20,False,single_fixed_partition,0,0.002350619092071808,0.6033333333333334,0.505586592178771,0.5501519756838905,0.5225173210161663,xshift_k_sensitivity
