dataset,scheme,source_run,seed,ari,macro_f1,weighted_f1,hungarian_accuracy,median_bmu_distance,runtime_seconds,n_total_events,n_evaluable_events,n_true_populations,n_predicted_clusters_all_events
Levine_32dim,Python_20k_train,EXP-021A_flowsom_levine32_stability30_20260910,0,0.7814610675490865,0.7776391852647675,0.8613485107088108,0.7910811640942947,2.177340745925904,3.735390099995129,265627,104184,14,40
Levine_32dim,Python_20k_train,EXP-021A_flowsom_levine32_stability30_20260910,1,0.7205988090831141,0.7096385689144719,0.7819076896137829,0.6943388620133609,2.1754019260406494,2.258840399998008,265627,104184,14,40
Levine_32dim,Python_20k_train,EXP-021A_flowsom_levine32_stability30_20260910,2,0.6620466456976418,0.6785211525272451,0.7673074003104172,0.6557148890424633,2.173229455947876,2.265697299997555,265627,104184,14,40
Levine_32dim,Python_20k_train,EXP-021A_flowsom_levine32_stability30_20260910,3,0.773672874477715,0.7313945074383664,0.8428521946786569,0.7645895722951701,2.1773602962493896,2.2476277999958256,265627,104184,14,40
Levine_32dim,Python_20k_train,EXP-021A_flowsom_levine32_stability30_20260910,4,0.7602952100270073,0.6994526074758757,0.8272739724059045,0.7455271442831912,2.175900936126709,2.425338900000497,265627,104184,14,40
Levine_32dim,Python_20k_train,EXP-021A_flowsom_levine32_stability30_20260910,5,0.7827466788606698,0.715234736395047,0.8563737552229864,0.7833640482223758,2.174213171005249,2.534169700003986,265627,104184,14,40
Levine_32dim,Python_20k_train,EXP-021A_flowsom_levine32_stability30_20260910,6,0.8017138870237982,0.7548843027684607,0.860807487101076,0.7994989633724948,2.1803221702575684,2.2943556000027456,265627,104184,14,40
Levine_32dim,Python_20k_train,EXP-021A_flowsom_levine32_stability30_20260910,7,0.6388144350222609,0.7372409195906908,0.7547678301764598,0.640136681256239,2.1684162616729736,2.3222977999976138,265627,104184,14,40
Levine_32dim,Python_20k_train,EXP-021A_flowsom_levine32_stability30_20260910,8,0.7915950328979648,0.7435121356945462,0.8661569326208871,0.8045573216616755,2.1802096366882324,2.3725434000007226,265627,104184,14,40
Levine_32dim,Python_20k_train,EXP-021A_flowsom_levine32_stability30_20260910,9,0.7834615301633824,0.7548596101769641,0.8606086277993149,0.789190278737618,2.169353723526001,2.271837100000994,265627,104184,14,40
Levine_32dim,Python_20k_train,EXP-021A_flowsom_levine32_stability30_20260910,10,0.7742883997845015,0.7416062927395094,0.8392045395258817,0.7592912539353451,2.165710210800171,2.3052330000064103,265627,104184,14,40
Levine_32dim,Python_20k_train,EXP-021A_flowsom_levine32_stability30_20260910,11,0.7340389112563991,0.6833663104551453,0.8082184947178761,0.7203217384627199,2.1789278984069824,2.278274299998884,265627,104184,14,40
Levine_32dim,Python_20k_train,EXP-021A_flowsom_levine32_stability30_20260910,12,0.6776891497818996,0.7411032602472604,0.7645525567170828,0.6537376180603548,2.1656510829925537,2.298837599999388,265627,104184,14,40
Levine_32dim,Python_20k_train,EXP-021A_flowsom_levine32_stability30_20260910,13,0.6929165534491287,0.7558805860164941,0.8135977609533933,0.7130749443292637,2.1783387660980225,2.346955599998182,265627,104184,14,40
Levine_32dim,Python_20k_train,EXP-021A_flowsom_levine32_stability30_20260910,14,0.6827184348808816,0.7240923314959066,0.8196348478857225,0.7217135068724564,2.1780896186828613,2.7062080999967293,265627,104184,14,40
Levine_32dim,Python_20k_train,EXP-021A_flowsom_levine32_stability30_20260910,15,0.7533492076018627,0.7550358220148736,0.8396967102638753,0.7534746218229287,2.170369863510132,2.483205600001384,265627,104184,14,40
Levine_32dim,Python_20k_train,EXP-021A_flowsom_levine32_stability30_20260910,16,0.8571458107352024,0.7791164911918365,0.8969081618644017,0.8485468018121785,2.179135322570801,2.501283899997361,265627,104184,14,40
Levine_32dim,Python_20k_train,EXP-021A_flowsom_levine32_stability30_20260910,17,0.7354009004998227,0.6963377015250736,0.811150596080047,0.7276357214159563,2.176311016082764,2.5152213999972446,265627,104184,14,40
Levine_32dim,Python_20k_train,EXP-021A_flowsom_levine32_stability30_20260910,18,0.5950783978549284,0.677802504575703,0.696158759399172,0.5779390309452507,2.1621315479278564,2.539111199999752,265627,104184,14,40
Levine_32dim,Python_20k_train,EXP-021A_flowsom_levine32_stability30_20260910,19,0.7700479002306658,0.7048028462968313,0.8391470717277452,0.7603662750518314,2.1711292266845703,1.7916229000038584,265627,104184,14,40
Levine_32dim,Python_20k_train,EXP-021A_flowsom_levine32_stability30_20260910,20,0.6393435456376675,0.6742086790951352,0.7400507047271071,0.6203255778238501,2.174030303955078,1.689623099999153,265627,104184,14,40
Levine_32dim,Python_20k_train,EXP-021A_flowsom_levine32_stability30_20260910,21,0.6617660701880156,0.7122753738151564,0.7594411032847868,0.6479113875451125,2.167519807815552,1.660480099999404,265627,104184,14,40
Levine_32dim,Python_20k_train,EXP-021A_flowsom_levine32_stability30_20260910,22,0.7758731472588684,0.7200238270454592,0.8621342114788894,0.7868674652537818,2.175219774246216,1.720573599995987,265627,104184,14,40
Levine_32dim,Python_20k_train,EXP-021A_flowsom_levine32_stability30_20260910,23,0.7584211602779366,0.7561388094750565,0.8317005626620555,0.749875220763265,2.1726303100585938,1.6573732999968342,265627,104184,14,40
Levine_32dim,Python_20k_train,EXP-021A_flowsom_levine32_stability30_20260910,24,0.7672914520998918,0.733182428785261,0.8364252735181208,0.7546840205789757,2.180326700210572,1.6954665999946883,265627,104184,14,40
Levine_32dim,Python_20k_train,EXP-021A_flowsom_levine32_stability30_20260910,25,0.7152826430650723,0.7359057699139526,0.8181132684690081,0.7226445519465561,2.173264741897583,1.790478199996869,265627,104184,14,40
Levine_32dim,Python_20k_train,EXP-021A_flowsom_levine32_stability30_20260910,26,0.7468710987472916,0.6994275078862697,0.8069249621461388,0.7202929432542425,2.168783664703369,1.8406887999954047,265627,104184,14,40
Levine_32dim,Python_20k_train,EXP-021A_flowsom_levine32_stability30_20260910,27,0.7694388433470919,0.725719473101402,0.8193381805404023,0.7370229593795592,2.172177314758301,1.7491090000039549,265627,104184,14,40
Levine_32dim,Python_20k_train,EXP-021A_flowsom_levine32_stability30_20260910,28,0.7828783335397039,0.7081017906325554,0.8289245590422907,0.7484834523535284,2.174103260040283,1.7262541000018246,265627,104184,14,40
Levine_32dim,Python_20k_train,EXP-021A_flowsom_levine32_stability30_20260910,29,0.8049902850482863,0.7294081860270374,0.8554483184843568,0.7916570682638409,2.172334909439087,1.8840247000043744,265627,104184,14,40
Levine_32dim,R_full_event,EXP-046B-R1_flowsom_r_levine32_full_event_20260916,0,0.8039410457140058,0.7336714012386826,0.8548405589955699,0.7952564693235046,2.1532532725805,31.3,265627,104184,14,40
Levine_32dim,R_full_event,EXP-046B-R1_flowsom_r_levine32_full_event_20260916,1,0.7654815993403912,0.7364095832643341,0.8352453416196609,0.7555094832219919,2.14883770011208,31.13,265627,104184,14,40
Levine_32dim,R_full_event,EXP-046B-R1_flowsom_r_levine32_full_event_20260916,2,0.828752834502508,0.7027946972594251,0.8767173886826248,0.8219304307763188,2.15005498791785,31.02,265627,104184,14,40
Levine_32dim,R_full_event,EXP-046B-R1_flowsom_r_levine32_full_event_20260916,3,0.8368018378184318,0.7825873012525931,0.8899196856282724,0.8353681947323965,2.15337185454187,30.6,265627,104184,14,40
Levine_32dim,R_full_event,EXP-046B-R1_flowsom_r_levine32_full_event_20260916,4,0.8113516296182829,0.7378849949183122,0.874041018959685,0.8141941180987484,2.15394450592785,32.32,265627,104184,14,40
Levine_32dim,R_full_event,EXP-046B-R1_flowsom_r_levine32_full_event_20260916,5,0.7877974915268757,0.6910229012686139,0.8522554221116766,0.7793615142440298,2.15308562123249,32.69,265627,104184,14,40
Levine_32dim,R_full_event,EXP-046B-R1_flowsom_r_levine32_full_event_20260916,6,0.7590719754543143,0.717002009473429,0.8240634231423358,0.745162404975812,2.15195192459831,32.77,265627,104184,14,40
Levine_32dim,R_full_event,EXP-046B-R1_flowsom_r_levine32_full_event_20260916,7,0.814375639601953,0.7543408940095766,0.8712011859428777,0.8149523919219842,2.15478564196892,31.4,265627,104184,14,40
Levine_32dim,R_full_event,EXP-046B-R1_flowsom_r_levine32_full_event_20260916,8,0.8003664146934959,0.7342835785561492,0.8545498175790642,0.7941046609844122,2.15461763601229,30.87,265627,104184,14,40
Levine_32dim,R_full_event,EXP-046B-R1_flowsom_r_levine32_full_event_20260916,9,0.7864738961352965,0.7691656535833908,0.8589733190651065,0.7830377025262997,2.15209534247379,30.72,265627,104184,14,40
Levine_32dim,R_full_event,EXP-046B-R1_flowsom_r_levine32_full_event_20260916,10,0.8176667982688743,0.7913571755293702,0.8786047591644638,0.8207018352146203,2.15064264013091,31.06,265627,104184,14,40
Levine_32dim,R_full_event,EXP-046B-R1_flowsom_r_levine32_full_event_20260916,11,0.819252335463333,0.7959370130993006,0.8744575248796841,0.8151347615756738,2.15441072702029,31.25,265627,104184,14,40
Levine_32dim,R_full_event,EXP-046B-R1_flowsom_r_levine32_full_event_20260916,12,0.7910957308676978,0.734208991946313,0.8568160429512707,0.7840071412117023,2.15244731473245,30.75,265627,104184,14,40
Levine_32dim,R_full_event,EXP-046B-R1_flowsom_r_levine32_full_event_20260916,13,0.8145397860105825,0.7389743426757333,0.8793386640106926,0.8197323965292176,2.15129446507476,30.92,265627,104184,14,40
Levine_32dim,R_full_event,EXP-046B-R1_flowsom_r_levine32_full_event_20260916,14,0.8456999616904961,0.7361792835417678,0.8918881830297173,0.8405801274667896,2.15704115661292,30.83,265627,104184,14,40
Levine_32dim,R_full_event,EXP-046B-R1_flowsom_r_levine32_full_event_20260916,15,0.7728242578992003,0.7678344006205463,0.8478266651379971,0.7698974890578207,2.15085056535262,31.52,265627,104184,14,40
Levine_32dim,R_full_event,EXP-046B-R1_flowsom_r_levine32_full_event_20260916,16,0.7628581386904265,0.7291546481564497,0.8266622691472146,0.7518812869538509,2.15472513158823,30.72,265627,104184,14,40
Levine_32dim,R_full_event,EXP-046B-R1_flowsom_r_levine32_full_event_20260916,17,0.8226490189435641,0.741078962261158,0.8773929009487337,0.8183406281194809,2.15445765084275,50.9100000000001,265627,104184,14,40
Levine_32dim,R_full_event,EXP-046B-R1_flowsom_r_levine32_full_event_20260916,18,0.8529474301785759,0.787835810645794,0.9030607080660936,0.8526453198187821,2.1532490973633,40.46,265627,104184,14,40
Levine_32dim,R_full_event,EXP-046B-R1_flowsom_r_levine32_full_event_20260916,19,0.8421395531520243,0.7458425722091508,0.8963648655158759,0.8426245872686785,2.15419107781839,31.61,265627,104184,14,40
Levine_32dim,R_full_event,EXP-046B-R1_flowsom_r_levine32_full_event_20260916,20,0.8110253776864447,0.7370088402292962,0.8730493544959663,0.8140117484450587,2.154107081251,31.51,265627,104184,14,40
Levine_32dim,R_full_event,EXP-046B-R1_flowsom_r_levine32_full_event_20260916,21,0.7697311898391997,0.6887606093005835,0.8286987678707933,0.7501727712508639,2.15227015013856,30.72,265627,104184,14,40
Levine_32dim,R_full_event,EXP-046B-R1_flowsom_r_levine32_full_event_20260916,22,0.8083808023995777,0.7882956819029321,0.8684249930485987,0.8122744375335944,2.15462711511203,30.58,265627,104184,14,40
Levine_32dim,R_full_event,EXP-046B-R1_flowsom_r_levine32_full_event_20260916,23,0.8287391110032274,0.7338165185320608,0.8808690807514301,0.8248771404438301,2.15250213808967,31.1899999999999,265627,104184,14,40
Levine_32dim,R_full_event,EXP-046B-R1_flowsom_r_levine32_full_event_20260916,24,0.7706190238353785,0.6779638262423804,0.8126940371648277,0.7356791829839515,2.15294849480333,30.8,265627,104184,14,40
Levine_32dim,R_full_event,EXP-046B-R1_flowsom_r_levine32_full_event_20260916,25,0.8250958121753267,0.7296149598485993,0.8785062442972202,0.8237349305075635,2.15779721510882,30.96,265627,104184,14,40
Levine_32dim,R_full_event,EXP-046B-R1_flowsom_r_levine32_full_event_20260916,26,0.8290214732731933,0.7480078918887366,0.881742948422915,0.8275262996237426,2.15395250071168,31.59,265627,104184,14,40
Levine_32dim,R_full_event,EXP-046B-R1_flowsom_r_levine32_full_event_20260916,27,0.7847294540381349,0.718591148917053,0.8454067219699766,0.7670755586270445,2.15174406756374,30.9400000000001,265627,104184,14,40
Levine_32dim,R_full_event,EXP-046B-R1_flowsom_r_levine32_full_event_20260916,28,0.7920251771837284,0.7243576400920232,0.8643523649495339,0.7943350226522307,2.15361672087756,32.0599999999999,265627,104184,14,40
Levine_32dim,R_full_event,EXP-046B-R1_flowsom_r_levine32_full_event_20260916,29,0.8387694379838231,0.7647343485272982,0.8943099747603356,0.841021653996775,2.15541935698485,31.4400000000001,265627,104184,14,40
Samusik_01,Python_20k_train,EXP-021B_flowsom_samusik_stability30_20260910,0,0.8064285104298218,0.692603910816579,0.8561007629168202,0.7950651646512328,2.3788812160491943,2.826560999994399,86864,53173,24,40
Samusik_01,Python_20k_train,EXP-021B_flowsom_samusik_stability30_20260910,1,0.7788274833957666,0.687491656335513,0.8364923820227668,0.770353374833092,2.380112886428833,1.7383735999974306,86864,53173,24,40
Samusik_01,Python_20k_train,EXP-021B_flowsom_samusik_stability30_20260910,2,0.8125896419562583,0.6890784295160155,0.862795558984619,0.8105993643390442,2.3727798461914062,1.7216300000000049,86864,53173,24,40
Samusik_01,Python_20k_train,EXP-021B_flowsom_samusik_stability30_20260910,3,0.8165083525570125,0.7049067595282308,0.8691413432539219,0.8136272168205668,2.378092050552368,1.7745666000046183,86864,53173,24,40
Samusik_01,Python_20k_train,EXP-021B_flowsom_samusik_stability30_20260910,4,0.868401775855843,0.6949667385107478,0.877159375596826,0.8337314050363906,2.383616209030152,1.7933546999993268,86864,53173,24,40
Samusik_01,Python_20k_train,EXP-021B_flowsom_samusik_stability30_20260910,5,0.8633164834415719,0.6909593029023533,0.8668870389675687,0.8328098847159272,2.3869028091430664,1.779171000001952,86864,53173,24,40
Samusik_01,Python_20k_train,EXP-021B_flowsom_samusik_stability30_20260910,6,0.8598244815614738,0.6789063590937068,0.8691051390679867,0.8233125834540086,2.383127927780152,1.762003300005745,86864,53173,24,40
Samusik_01,Python_20k_train,EXP-021B_flowsom_samusik_stability30_20260910,7,0.732462320444486,0.6570190707314386,0.795417863050694,0.723600323472439,2.379739761352539,1.7270831999994698,86864,53173,24,40
Samusik_01,Python_20k_train,EXP-021B_flowsom_samusik_stability30_20260910,8,0.8856295958942387,0.7009689528616189,0.8773655943437092,0.840163240742482,2.385658025741577,1.886235499994655,86864,53173,24,40
Samusik_01,Python_20k_train,EXP-021B_flowsom_samusik_stability30_20260910,9,0.8131395806865389,0.7195022390086542,0.8609827689960371,0.8030579429409663,2.3830552101135254,1.8704402000003029,86864,53173,24,40
Samusik_01,Python_20k_train,EXP-021B_flowsom_samusik_stability30_20260910,10,0.81983176213718,0.7075498399303649,0.8642176238039484,0.8122355330712956,2.3745217323303223,1.809159799995541,86864,53173,24,40
Samusik_01,Python_20k_train,EXP-021B_flowsom_samusik_stability30_20260910,11,0.8438106801942643,0.6816971163870367,0.8723759352673259,0.8218644800932804,2.3786725997924805,1.824932899995474,86864,53173,24,40
Samusik_01,Python_20k_train,EXP-021B_flowsom_samusik_stability30_20260910,12,0.7484055956891592,0.689613113949498,0.8056451044901278,0.7317059409850865,2.3832249641418457,1.8860077999997884,86864,53173,24,40
Samusik_01,Python_20k_train,EXP-021B_flowsom_samusik_stability30_20260910,13,0.823126815953378,0.696724625745922,0.8685410450569405,0.8217892539446712,2.3772332668304443,1.8802049000005356,86864,53173,24,40
Samusik_01,Python_20k_train,EXP-021B_flowsom_samusik_stability30_20260910,14,0.8817539028999304,0.6855756748369859,0.8832128649617731,0.8472344987117522,2.380173683166504,1.7322176000016043,86864,53173,24,40
Samusik_01,Python_20k_train,EXP-021B_flowsom_samusik_stability30_20260910,15,0.8541164299388819,0.6916777182397617,0.8707413429493032,0.8386963308446016,2.371444702148437,1.735399299999699,86864,53173,24,40
Samusik_01,Python_20k_train,EXP-021B_flowsom_samusik_stability30_20260910,16,0.8589132775901563,0.7063727428407388,0.8777095427572871,0.8337125984992383,2.3805642127990723,1.7865193999969051,86864,53173,24,40
Samusik_01,Python_20k_train,EXP-021B_flowsom_samusik_stability30_20260910,17,0.8769739923352113,0.690733188298171,0.8765616133928733,0.838545878547383,2.382272243499756,1.7482339999987744,86864,53173,24,40
Samusik_01,Python_20k_train,EXP-021B_flowsom_samusik_stability30_20260910,18,0.8682322888050095,0.6788729841460878,0.8805886582028237,0.840163240742482,2.3859434127807617,1.795685199998843,86864,53173,24,40
Samusik_01,Python_20k_train,EXP-021B_flowsom_samusik_stability30_20260910,19,0.871716629203585,0.7008944932288607,0.8833458324362689,0.8458240084253287,2.377938032150269,1.7286319999984698,86864,53173,24,40
Samusik_01,Python_20k_train,EXP-021B_flowsom_samusik_stability30_20260910,20,0.8783005283569509,0.7058869737062755,0.8831427649427972,0.8475542098433415,2.3798165321350098,1.7808675999986008,86864,53173,24,40
Samusik_01,Python_20k_train,EXP-021B_flowsom_samusik_stability30_20260910,21,0.8773438985183231,0.6904409792994053,0.8767501401057085,0.8446391965847329,2.38025426864624,1.7384374999965075,86864,53173,24,40
Samusik_01,Python_20k_train,EXP-021B_flowsom_samusik_stability30_20260910,22,0.8547488545817677,0.685442404457695,0.8735115043593027,0.832678238955861,2.380257129669189,1.7447239000030097,86864,53173,24,40
Samusik_01,Python_20k_train,EXP-021B_flowsom_samusik_stability30_20260910,23,0.8385901614849549,0.6893668147854232,0.8660061614231366,0.8241964907001674,2.383923053741455,1.7749986999988323,86864,53173,24,40
Samusik_01,Python_20k_train,EXP-021B_flowsom_samusik_stability30_20260910,24,0.8472860566129338,0.7128698215017996,0.8752678798649738,0.8350666691742049,2.378026008605957,1.765095900002052,86864,53173,24,40
Samusik_01,Python_20k_train,EXP-021B_flowsom_samusik_stability30_20260910,25,0.8195122556852128,0.6868116158850909,0.8547131401310257,0.8014593872830196,2.379491806030273,1.7294099999999162,86864,53173,24,40
Samusik_01,Python_20k_train,EXP-021B_flowsom_samusik_stability30_20260910,26,0.7530303721086785,0.7026841894752051,0.8331968770463115,0.7677392661689203,2.3769021034240723,1.8387965999936569,86864,53173,24,40
Samusik_01,Python_20k_train,EXP-021B_flowsom_samusik_stability30_20260910,27,0.6485931783910027,0.6544313173732816,0.749565967125644,0.6372595114061648,2.3803744316101074,1.8432994999966468,86864,53173,24,40
Samusik_01,Python_20k_train,EXP-021B_flowsom_samusik_stability30_20260910,28,0.8605342006493005,0.7143363030554148,0.8772977526831321,0.8354051868429466,2.37998628616333,1.7274793999968097,86864,53173,24,40
Samusik_01,Python_20k_train,EXP-021B_flowsom_samusik_stability30_20260910,29,0.844553107013709,0.6945298656671183,0.8717877595799618,0.8201530852124198,2.3772974014282227,1.880479400002514,86864,53173,24,40
Samusik_01,R_full_event,EXP-046A-R1_flowsom_r_samusik_full_event_20260916,0,0.8811745450182734,0.6660449121643764,0.8717676751922265,0.8271491170330807,2.36019842247423,15.45,86864,53173,24,40
Samusik_01,R_full_event,EXP-046A-R1_flowsom_r_samusik_full_event_20260916,1,0.8904778135280774,0.7004794795833309,0.885191878956852,0.8452598123107592,2.35932396587237,15.39,86864,53173,24,40
Samusik_01,R_full_event,EXP-046A-R1_flowsom_r_samusik_full_event_20260916,2,0.898088641604602,0.6713327486399298,0.8813504827764065,0.8519173264626785,2.36231313203087,15.44,86864,53173,24,40
Samusik_01,R_full_event,EXP-046A-R1_flowsom_r_samusik_full_event_20260916,3,0.8705319535184978,0.6897994607346344,0.8765368690272317,0.8408214695428131,2.35776494449337,15.48,86864,53173,24,40
Samusik_01,R_full_event,EXP-046A-R1_flowsom_r_samusik_full_event_20260916,4,0.904411456798534,0.7094081769602046,0.8889409187305953,0.8530457186918172,2.36144153998608,15.81,86864,53173,24,40
Samusik_01,R_full_event,EXP-046A-R1_flowsom_r_samusik_full_event_20260916,5,0.8780840036854435,0.6905486013167503,0.8778680813404303,0.8372670340210258,2.35820143551344,15.52,86864,53173,24,40
Samusik_01,R_full_event,EXP-046A-R1_flowsom_r_samusik_full_event_20260916,6,0.8735114000903688,0.6632377096497714,0.8732103237378795,0.8312865552065898,2.36451157962652,15.67,86864,53173,24,40
Samusik_01,R_full_event,EXP-046A-R1_flowsom_r_samusik_full_event_20260916,7,0.8843658283122715,0.6791780925561316,0.8772069228794527,0.8435484174298986,2.36629635605518,15.69,86864,53173,24,40
Samusik_01,R_full_event,EXP-046A-R1_flowsom_r_samusik_full_event_20260916,8,0.8840087706028583,0.6916418223020065,0.876802023925893,0.8317002990239407,2.36071287364098,15.61,86864,53173,24,40
Samusik_01,R_full_event,EXP-046A-R1_flowsom_r_samusik_full_event_20260916,9,0.8630615459036319,0.680656184792262,0.8678692972396875,0.820096665600963,2.3598173042863,15.64,86864,53173,24,40
Samusik_01,R_full_event,EXP-046A-R1_flowsom_r_samusik_full_event_20260916,10,0.8562349277273502,0.6878738024087477,0.8692451059848395,0.8287476726910274,2.36389678679067,15.28,86864,53173,24,40
Samusik_01,R_full_event,EXP-046A-R1_flowsom_r_samusik_full_event_20260916,11,0.86880874945472,0.6614450484250305,0.8680833622019175,0.8288228988396367,2.36195160717618,15.22,86864,53173,24,40
Samusik_01,R_full_event,EXP-046A-R1_flowsom_r_samusik_full_event_20260916,12,0.8502891495260553,0.6666398936797268,0.8536320994869098,0.8089255825324883,2.36209674791148,15.83,86864,53173,24,40
Samusik_01,R_full_event,EXP-046A-R1_flowsom_r_samusik_full_event_20260916,13,0.8826323999878493,0.6974130518275413,0.8740438249006968,0.8461813326312226,2.36151657684719,15.61,86864,53173,24,40
Samusik_01,R_full_event,EXP-046A-R1_flowsom_r_samusik_full_event_20260916,14,0.8962633329313466,0.6916924590752992,0.8855912228315682,0.8626370526394975,2.36316919914886,15.83,86864,53173,24,40
Samusik_01,R_full_event,EXP-046A-R1_flowsom_r_samusik_full_event_20260916,15,0.8813724992157748,0.6656036682470382,0.8740469582304302,0.8369097098151317,2.36350563840924,15.55,86864,53173,24,40
Samusik_01,R_full_event,EXP-046A-R1_flowsom_r_samusik_full_event_20260916,16,0.8790649869508974,0.6896886300402675,0.8738030340688172,0.8403701126511576,2.36288014556397,15.38,86864,53173,24,40
Samusik_01,R_full_event,EXP-046A-R1_flowsom_r_samusik_full_event_20260916,17,0.8972230549500078,0.672933282283091,0.8840885345361139,0.8564873149906908,2.36412466268206,15.37,86864,53173,24,40
Samusik_01,R_full_event,EXP-046A-R1_flowsom_r_samusik_full_event_20260916,18,0.8855476702027539,0.6722678003939083,0.8751325127657442,0.8358941568089068,2.36245019716684,15.62,86864,53173,24,40
Samusik_01,R_full_event,EXP-046A-R1_flowsom_r_samusik_full_event_20260916,19,0.8621260833864004,0.6877894091737172,0.8817687234324286,0.8465386568371166,2.36479130985574,15.86,86864,53173,24,40
Samusik_01,R_full_event,EXP-046A-R1_flowsom_r_samusik_full_event_20260916,20,0.8958732880064727,0.6701358755750473,0.877842363844357,0.845485490756587,2.36263058489785,16.58,86864,53173,24,40
Samusik_01,R_full_event,EXP-046A-R1_flowsom_r_samusik_full_event_20260916,21,0.8219638409208601,0.691797048259167,0.8548983348810146,0.8038290109642111,2.35748191972716,16.34,86864,53173,24,40
Samusik_01,R_full_event,EXP-046A-R1_flowsom_r_samusik_full_event_20260916,22,0.878447511313389,0.6740856895212843,0.8703983987885663,0.8317002990239407,2.36292897210966,15.39,86864,53173,24,40
Samusik_01,R_full_event,EXP-046A-R1_flowsom_r_samusik_full_event_20260916,23,0.8620552910957036,0.6762263962065681,0.8718164460073851,0.8312113290579806,2.36592657648228,15.37,86864,53173,24,40
Samusik_01,R_full_event,EXP-046A-R1_flowsom_r_samusik_full_event_20260916,24,0.8874073066477252,0.6725904895690559,0.8764618994449715,0.837342260169635,2.36134293942326,15.28,86864,53173,24,40
Samusik_01,R_full_event,EXP-046A-R1_flowsom_r_samusik_full_event_20260916,25,0.8793701246699199,0.6746758378825355,0.8771736703389157,0.8374550993925488,2.36610899416326,15.53,86864,53173,24,40
Samusik_01,R_full_event,EXP-046A-R1_flowsom_r_samusik_full_event_20260916,26,0.8883058420498631,0.6760562067470426,0.8784440257391366,0.8459556541853949,2.3627478589536,15.96,86864,53173,24,40
Samusik_01,R_full_event,EXP-046A-R1_flowsom_r_samusik_full_event_20260916,27,0.9028122443311312,0.6873655136069309,0.8852248512667076,0.8507137080849303,2.36417515256128,16.0,86864,53173,24,40
Samusik_01,R_full_event,EXP-046A-R1_flowsom_r_samusik_full_event_20260916,28,0.8864683256264309,0.6829829277772,0.8798664490230605,0.8396554642393697,2.36376384964402,15.8200000000001,86864,53173,24,40
Samusik_01,R_full_event,EXP-046A-R1_flowsom_r_samusik_full_event_20260916,29,0.9044115330692648,0.7046888367649041,0.8910936982550131,0.8583491621687699,2.36432601799497,15.12,86864,53173,24,40
