dataset,endpoint,n_runs,mean,sd,median,mad_unscaled,q1,q3,iqr,min,max,range,bootstrap_mean_ci95_low,bootstrap_mean_ci95_high,bootstrap_replicates
Levine_13dim,ari,30,0.8725655771738698,0.007116385322240901,0.8726043074369172,0.005533128531083009,0.8674558510577125,0.878235384849327,0.010779533791614448,0.8573096313049752,0.8871791173194096,0.0298694860144344,0.870076913324604,0.8750664796569377,10000
Levine_13dim,macro_precision,30,0.45715640922605966,0.009032446562108366,0.4544881476700628,0.006424643680225439,0.45020483349831214,0.46286234769060924,0.012657514192297104,0.443417857990051,0.4782561627776368,0.03483830478758576,0.4540594040457495,0.46043208792388274,10000
Levine_13dim,macro_recall,30,0.520296159016742,0.003934219926767641,0.520878735475501,0.001591441143304062,0.5190526806054948,0.5222762250777673,0.003223544472272466,0.5107088396676202,0.5306860555890645,0.019977215921444302,0.5188789173628319,0.5216456169473106,10000
Levine_13dim,macro_f1,30,0.4623437202613724,0.0030922612418871967,0.4623936811674555,0.002401523531584543,0.45990850555419194,0.46431403413105976,0.004405528576867823,0.4566071280139948,0.4684286730764197,0.011821545062424943,0.46125902450661743,0.46345700475633506,10000
Levine_13dim,weighted_f1,30,0.8671156327758106,0.004051359565119149,0.8668622507489515,0.0027464348882486056,0.8645714651331668,0.8708235727870641,0.006252107653897276,0.8566224322816869,0.8733792153680091,0.016756783086322224,0.8656753067979593,0.8685346134826165,10000
Levine_13dim,hungarian_accuracy,30,0.8848471503541412,0.003853000345766528,0.8845829204741458,0.0020367719916326577,0.883023230210283,0.8872558014361382,0.004232571225855297,0.8757630249428113,0.8911519688795919,0.015388943936780586,0.8834766515386905,0.886164721641161,10000
Levine_13dim,quality_q,30,0.8846194333333333,0.0006935604631839615,0.884583,0.0003430000000000377,0.88433525,0.8849290000000001,0.0005937500000000595,0.883181,0.886184,0.003002999999999978,0.88437346,0.8848643350000001,10000
Levine_13dim,n_valid_communities,30,25.233333333333334,0.6789105539243626,25.0,0.5,25.0,26.0,1.0,24.0,26.0,2.0,25.0,25.466666666666665,10000
Levine_13dim,overclustering_ratio_evaluable,30,1.0069444444444442,0.03297823307820491,1.0,0.0,1.0,1.03125,0.03125,0.9583333333333334,1.0833333333333333,0.12499999999999989,0.9958333333333333,1.0180555555555557,10000
Levine_13dim,mean_population_effective_predicted_clusters,30,1.5828182708808556,0.017450197084868002,1.5824631633223727,0.010653506827777104,1.5701913031096393,1.590835189485119,0.020643886375479648,1.5568071770185063,1.6327875852455442,0.07598040822703789,1.576963437342805,1.5892507227737294,10000
Levine_13dim,weighted_evaluable_cluster_purity,30,0.8872390831875584,0.003681330192965837,0.887488225867616,0.0026178330703268138,0.8848551017162709,0.8892436419685126,0.004388540252241668,0.877818146231666,0.8934028160054803,0.015584669773814341,0.8859411660366739,0.8885170199925787,10000
Levine_13dim,mean_cluster_effective_true_populations,30,2.2188944323177773,0.08389923094142913,2.2311262482567806,0.055092402193207546,2.1660591058438943,2.2677907133545494,0.10173160751065513,1.9855639403622125,2.3734193920193465,0.387855451657134,2.1883051507422686,2.2474536577972697,10000
Levine_32dim,ari,30,0.552972332287991,0.01902316840357746,0.5518775733024508,0.009764942975478863,0.542930064830212,0.5673902757336198,0.024460210903407775,0.4943824622651847,0.5893063473441209,0.09492388507893623,0.5460865937296417,0.5593893885049196,10000
Levine_32dim,macro_precision,30,0.6341759333258074,0.021011015219043253,0.620980377017128,0.004106462312380044,0.6190324507012868,0.6604318877990696,0.04139943709778282,0.6114766114554006,0.6677320241925903,0.0562554127371897,0.6270352492333987,0.6417486537510613,10000
Levine_32dim,macro_recall,30,0.5768190567418495,0.03152497234774019,0.5608589085981339,0.01287062750041118,0.5516588523166286,0.6112340635845556,0.059575211267926975,0.537896895116737,0.6463358899905448,0.10843899487380781,0.5660698046990991,0.5881096457872481,10000
Levine_32dim,macro_f1,30,0.57411417982893,0.025337337419342895,0.5623158312782548,0.010366418572189673,0.555129708517486,0.6025309627733917,0.04740125425590569,0.5402949540954274,0.619306760209304,0.07901180611387659,0.565388558316701,0.5833185758423298,10000
Levine_32dim,weighted_f1,30,0.6899985622594649,0.015584799973299852,0.6936219494488866,0.010334233505602808,0.6826633232491511,0.7014565284308754,0.018793205181724226,0.6454634695875302,0.7083213713815277,0.06285790179399753,0.6842202506050791,0.6952370286798001,10000
Levine_32dim,hungarian_accuracy,30,0.5723412424172617,0.017337014686435958,0.5763073024648698,0.011714850648851971,0.5643836865545574,0.5836740766336481,0.019290390079090725,0.5239384166474699,0.5929509329647547,0.06901251631728478,0.5661895700555427,0.5782127374004965,10000
Levine_32dim,quality_q,30,0.8757891,0.0005207189559008631,0.875869,0.0003934999999999911,0.875387,0.876115,0.0007279999999999509,0.874951,0.876928,0.0019770000000000065,0.8756075641666665,0.8759731024999999,10000
Levine_32dim,n_valid_communities,30,31.2,0.9247553264475439,31.0,0.0,31.0,32.0,1.0,29.0,33.0,4.0,30.866666666666667,31.533333333333335,10000
Levine_32dim,overclustering_ratio_evaluable,30,2.121428571428572,0.06802222594918744,2.142857142857143,0.07142857142857073,2.071428571428572,2.142857142857143,0.07142857142857073,2.0,2.2857142857142856,0.2857142857142856,2.0976190476190477,2.145238095238096,10000
Levine_32dim,mean_population_effective_predicted_clusters,30,1.5494800802091888,0.03664615459136457,1.5491780995430708,0.02706455165470323,1.5245634757788817,1.577270569685148,0.052707093906266156,1.462880476334019,1.6092358468946322,0.1463553705606131,1.5367697736352575,1.5622661073322566,10000
Levine_32dim,weighted_evaluable_cluster_purity,30,0.9456266477258184,0.0014719687220621006,0.9455818551792982,0.0007534746218230137,0.9449675573984488,0.9463857214159563,0.001418164017507495,0.9413249635260692,0.9486773400906088,0.0073523765645395756,0.9450916887429931,0.9461302519260795,10000
Levine_32dim,mean_cluster_effective_true_populations,30,1.354404866374026,0.04054716610211798,1.3446500278201745,0.023078866850601454,1.3252239549319702,1.3711726789746181,0.04594872404264794,1.296044079203842,1.4597335698668796,0.16368949066303773,1.3403859381294392,1.3692572407435433,10000
Samusik_01,ari,30,0.829144965252063,0.012977134336918146,0.830085815155421,0.008127694421367238,0.8200088285840041,0.8361691421889753,0.016160313604971166,0.8056901774421381,0.8564358257330758,0.05074564829093764,0.8245889062445645,0.8336687250739323,10000
Samusik_01,macro_precision,30,0.6561634910841048,0.01757727491150356,0.6594667332743377,0.012434394237412882,0.6448304219968557,0.670402613614764,0.025572191617908357,0.6086160136110087,0.6797726114495198,0.07115659783851114,0.6497037347959175,0.6622091850294913,10000
Samusik_01,macro_recall,30,0.6989123868287541,0.012777104332099783,0.7000351830866818,0.00912925814139498,0.6907622991205814,0.7085929965753552,0.017830697454773836,0.6655425351201091,0.7191794952031764,0.05363696008306729,0.6942956834061956,0.7033332848553331,10000
Samusik_01,macro_f1,30,0.6517571838339781,0.015331617227060501,0.6557881508569926,0.0071728553229098435,0.6437717344911802,0.6608872084365487,0.017115473945368498,0.6129492797737043,0.672830543146981,0.059881263373276705,0.6461737115946488,0.6568925093416498,10000
Samusik_01,weighted_f1,30,0.8805536391039753,0.009836990267183633,0.8801741819442725,0.004803686947569441,0.8759628140905862,0.8851134482853573,0.009150634194771134,0.8572899340931892,0.901828152980414,0.044538218887224756,0.877101460039349,0.8840138973145077,10000
Samusik_01,hungarian_accuracy,30,0.8526840062939212,0.013122507848958425,0.8543621762924792,0.008340699227051274,0.8449730126191864,0.859910104752412,0.014937092133225582,0.8281646700393057,0.882365110112275,0.054200440072969314,0.8481321974184894,0.8572345770723236,10000
Samusik_01,quality_q,30,0.8884475666666667,0.0004830409194727265,0.888487,0.0003614999999999591,0.8880675,0.88876975,0.0007022500000000154,0.887319,0.889499,0.0021800000000000708,0.8882808316666664,0.8886134683333331,10000
Samusik_01,n_valid_communities,30,24.166666666666668,0.5306686305052324,24.0,0.0,24.0,24.0,0.0,23.0,25.0,2.0,24.0,24.366666666666667,10000
Samusik_01,overclustering_ratio_evaluable,30,1.0069444444444446,0.022111192937718037,1.0,0.0,1.0,1.0,0.0,0.9583333333333334,1.0416666666666667,0.08333333333333337,1.0,1.015277777777778,10000
Samusik_01,mean_population_effective_predicted_clusters,30,1.4892254193999788,0.05936321082394825,1.492590164305434,0.05237259945420192,1.4303452532054342,1.5421824515773843,0.11183719837195016,1.3995499001968918,1.5998781522314989,0.20032825203460702,1.4683058434702412,1.5104639787309697,10000
Samusik_01,weighted_evaluable_cluster_purity,30,0.9244177809539929,0.005295623347630947,0.9264946495401801,0.003084272092979512,0.9198089255825326,0.9286150866041035,0.008806161021570946,0.9155962612604142,0.93246572508604,0.01686946382562582,0.9224794538581611,0.9262571229759464,10000
Samusik_01,mean_cluster_effective_true_populations,30,1.598383606186304,0.06040266454644682,1.5769649348425827,0.034676581593083844,1.5577536577373547,1.6601495561839767,0.102395898446622,1.5131414578366715,1.7140246008171702,0.2008831429804987,1.5778746767906036,1.6204192161240967,10000
