source_run,run_name,repeat,runtime_seconds,all_checks_passed,dataset,algorithm,seed_control,k_neighbors,evaluation_scope,n_valid_communities,outlier_events,outlier_fraction,quality_q,evaluation_mode,n_total_events,n_evaluable_events,n_true_populations,n_predicted_clusters_all_events,n_predicted_clusters_evaluable,clusters_absent_from_evaluation,overclustering_ratio_evaluable,ari,macro_precision,macro_recall,macro_f1,weighted_precision,weighted_recall,weighted_f1,hungarian_accuracy,matched_clusters,unmatched_evaluable_clusters,unmatched_evaluable_events,mean_population_effective_predicted_clusters,median_population_effective_predicted_clusters,mean_population_split_clusters_ge_1pct,mean_evaluable_cluster_purity,weighted_evaluable_cluster_purity,mean_cluster_effective_true_populations,mean_cluster_merge_populations_ge_1pct
EXP-045B_phenograph_levine13_full_event_louvain30_20260915,repeat000,0,458.522380800001,True,Levine_13dim,PhenoGraph_v1.5.7_default_Louvain,unavailable,30,all_events_fit_evaluable_reference_labels_only,26,0,0.0,0.885591,multiclass_rectangular_hungarian,167044,81747,24,26,25,1,1.0416666666666667,0.8719685398018595,0.4646868063467151,0.5208877738632728,0.4615501176438849,0.8645607026695359,0.8842526331241514,0.8657350715698205,0.8842526331241514,24,1,42,1.5952944896982366,1.1798197688008365,3.0416666666666665,0.7030612158733162,0.8865034802500398,2.1934896501661005,3.96
EXP-045B_phenograph_levine13_full_event_louvain30_20260915,repeat001,1,311.5008799999996,True,Levine_13dim,PhenoGraph_v1.5.7_default_Louvain,unavailable,30,all_events_fit_evaluable_reference_labels_only,24,0,0.0,0.884417,multiclass_rectangular_hungarian,167044,81747,24,24,24,0,1.0,0.8678161613024327,0.4614570997299982,0.5194448043802868,0.4639276217730145,0.8659105723081915,0.8831149766963926,0.8668218616186167,0.8831149766963925,24,0,0,1.568816309548019,1.208181295275234,3.083333333333333,0.681030590885956,0.8862710558185621,2.2678248700481327,4.125
EXP-045B_phenograph_levine13_full_event_louvain30_20260915,repeat002,2,316.79267309999705,True,Levine_13dim,PhenoGraph_v1.5.7_default_Louvain,unavailable,30,all_events_fit_evaluable_reference_labels_only,25,0,0.0,0.884712,multiclass_rectangular_hungarian,167044,81747,24,25,24,1,1.0,0.8703659415348791,0.4698324319701074,0.5200297186042434,0.4657165094104328,0.8628423661445392,0.886271055818562,0.8663403126673628,0.8862710558185621,24,0,0,1.5691867378984865,1.173705072391259,3.0,0.7145345056337113,0.8874209451111356,2.1644302732593217,3.9583333333333335
EXP-045B_phenograph_levine13_full_event_louvain30_20260915,repeat003,3,287.97757699999784,True,Levine_13dim,PhenoGraph_v1.5.7_default_Louvain,unavailable,30,all_events_fit_evaluable_reference_labels_only,25,0,0.0,0.884703,multiclass_rectangular_hungarian,167044,81747,24,25,23,2,0.9583333333333334,0.8735472076907127,0.4583619559662366,0.5198888609313131,0.4580439124749227,0.8655244654420242,0.8836409898834208,0.8660054814498224,0.8836409898834208,23,0,0,1.584786514440801,1.193757606375463,3.125,0.6657929289117531,0.8848398106352526,2.3734193920193465,4.260869565217392
EXP-045B_phenograph_levine13_full_event_louvain30_20260915,repeat004,4,453.3351662000059,True,Levine_13dim,PhenoGraph_v1.5.7_default_Louvain,unavailable,30,all_events_fit_evaluable_reference_labels_only,25,0,0.0,0.886153,multiclass_rectangular_hungarian,167044,81747,24,25,24,1,1.0,0.8767147252200064,0.4479233689490048,0.5208692304119265,0.4601522309228746,0.8654584802145859,0.8855860153889439,0.8680754286043769,0.8855860153889439,24,0,0,1.574896944495774,1.1751385315461294,3.083333333333333,0.6738020100604608,0.8878368625148324,2.288794134826053,4.083333333333333
EXP-045B_phenograph_levine13_full_event_louvain30_20260915,repeat005,5,229.6732463000008,True,Levine_13dim,PhenoGraph_v1.5.7_default_Louvain,unavailable,30,all_events_fit_evaluable_reference_labels_only,26,0,0.0,0.88492,multiclass_rectangular_hungarian,167044,81747,24,26,26,0,1.0833333333333333,0.8612809473193388,0.4477749944392886,0.5189219726805642,0.4602176436914229,0.8592890890844325,0.8792126928205317,0.8613325554732587,0.8792126928205316,24,2,8,1.5946184160828225,1.1671277245058054,3.0416666666666665,0.6876338121713071,0.8823932376723305,2.230639139727032,3.923076923076923
EXP-045B_phenograph_levine13_full_event_louvain30_20260915,repeat006,6,377.7614164000042,True,Levine_13dim,PhenoGraph_v1.5.7_default_Louvain,unavailable,30,all_events_fit_evaluable_reference_labels_only,25,0,0.0,0.885006,multiclass_rectangular_hungarian,167044,81747,24,25,24,1,1.0,0.8801425222699796,0.4482036390306699,0.5116559925615553,0.4598104664709191,0.8691746710564342,0.8872619178685457,0.8724339274602939,0.8872619178685456,24,0,0,1.5882878192920025,1.139890906316619,3.208333333333333,0.68804116292687,0.8904057641259007,2.277296013048163,4.041666666666667
EXP-045B_phenograph_levine13_full_event_louvain30_20260915,repeat007,7,277.9425065000032,True,Levine_13dim,PhenoGraph_v1.5.7_default_Louvain,unavailable,30,all_events_fit_evaluable_reference_labels_only,26,0,0.0,0.88451,multiclass_rectangular_hungarian,167044,81747,24,26,25,1,1.0416666666666667,0.8629611266653764,0.443417857990051,0.5175594558840979,0.4566071280139948,0.8589926521503567,0.8764235996428005,0.8602241029014372,0.8764235996428004,24,1,2,1.6327875852455442,1.1719795294125683,3.208333333333333,0.7214058705023462,0.8817693615667853,2.133973770983576,3.96
EXP-045B_phenograph_levine13_full_event_louvain30_20260915,repeat008,8,299.9300196999975,True,Levine_13dim,PhenoGraph_v1.5.7_default_Louvain,unavailable,30,all_events_fit_evaluable_reference_labels_only,25,0,0.0,0.884683,multiclass_rectangular_hungarian,167044,81747,24,25,23,2,0.9583333333333334,0.8683962725309304,0.4534573310083861,0.5178423086031643,0.459827263764631,0.8624214988006277,0.8829192508593587,0.8645256998413025,0.8829192508593587,23,0,0,1.5709416506821097,1.1753530403114891,3.208333333333333,0.661090304203089,0.884986605013028,2.339832491694145,4.304347826086956
EXP-045B_phenograph_levine13_full_event_louvain30_20260915,repeat009,9,301.61977599999955,True,Levine_13dim,PhenoGraph_v1.5.7_default_Louvain,unavailable,30,all_events_fit_evaluable_reference_labels_only,25,0,0.0,0.883181,multiclass_rectangular_hungarian,167044,81747,24,25,24,1,1.0,0.8573096313049752,0.4636264521845956,0.5173294460246946,0.4569501997038618,0.8582341653713039,0.8757630249428114,0.8566224322816869,0.8757630249428113,24,0,0,1.6221614229690828,1.1812269645774558,3.1666666666666665,0.69051785865047,0.877818146231666,2.2676882432737986,4.125
EXP-045B_phenograph_levine13_full_event_louvain30_20260915,repeat010,10,295.39662970000063,True,Levine_13dim,PhenoGraph_v1.5.7_default_Louvain,unavailable,30,all_events_fit_evaluable_reference_labels_only,26,0,0.0,0.885246,multiclass_rectangular_hungarian,167044,81747,24,26,24,2,1.0,0.877022594834879,0.4491436268120041,0.521406032321556,0.4623533190571199,0.8622244185330097,0.8872374521389164,0.8673683650839819,0.8872374521389164,24,0,0,1.5914865101982354,1.1478001763618604,3.0416666666666665,0.6623224045233022,0.8891335461851811,2.294069326418629,4.0
EXP-045B_phenograph_levine13_full_event_louvain30_20260915,repeat011,11,417.3601406000016,True,Levine_13dim,PhenoGraph_v1.5.7_default_Louvain,unavailable,30,all_events_fit_evaluable_reference_labels_only,26,0,0.0,0.884803,multiclass_rectangular_hungarian,167044,81747,24,26,26,0,1.0833333333333333,0.8805611408231219,0.4627186673786626,0.5306860555890645,0.4684286730764197,0.8725193584248607,0.8906381885573782,0.8733792153680091,0.8906381885573783,24,2,4,1.567184655955356,1.1539180832517544,2.958333333333333,0.7250006599890931,0.8934028160054803,1.9855639403622125,3.6538461538461537
EXP-045B_phenograph_levine13_full_event_louvain30_20260915,repeat012,12,404.3544022999995,True,Levine_13dim,PhenoGraph_v1.5.7_default_Louvain,unavailable,30,all_events_fit_evaluable_reference_labels_only,25,0,0.0,0.8846,multiclass_rectangular_hungarian,167044,81747,24,25,25,0,1.0416666666666667,0.8871791173194096,0.4501385082341347,0.5230218878118863,0.4624340432777911,0.8692041347732633,0.890772750070339,0.8728677133939756,0.890772750070339,24,1,6,1.591101763675218,1.1434147545120243,3.25,0.6888802728873685,0.8926566112517891,2.231613356786529,3.96
EXP-045B_phenograph_levine13_full_event_louvain30_20260915,repeat013,13,409.2548259999967,True,Levine_13dim,PhenoGraph_v1.5.7_default_Louvain,unavailable,30,all_events_fit_evaluable_reference_labels_only,25,0,0.0,0.884538,multiclass_rectangular_hungarian,167044,81747,24,25,24,1,1.0,0.8651231408951731,0.4505537305009555,0.5207421072963899,0.4633318340814155,0.8600268739449369,0.8831394424260217,0.8641531002707346,0.8831394424260217,24,0,0,1.585284142000673,1.1599188095381754,3.0416666666666665,0.6755985580168998,0.8859774670630115,2.2487234321425293,4.041666666666667
EXP-045B_phenograph_levine13_full_event_louvain30_20260915,repeat014,14,551.4432024999987,True,Levine_13dim,PhenoGraph_v1.5.7_default_Louvain,unavailable,30,all_events_fit_evaluable_reference_labels_only,26,0,0.0,0.885237,multiclass_rectangular_hungarian,167044,81747,24,26,24,2,1.0,0.8756751200363266,0.4478995614747272,0.5107088396676202,0.4591395589236809,0.8677412903723767,0.8853413580926517,0.870190881346579,0.8853413580926517,24,0,0,1.5819615880963005,1.1759244306095633,3.1666666666666665,0.6857873609052572,0.8887176287814843,2.2439316444356425,4.125
EXP-045B_phenograph_levine13_full_event_louvain30_20260915,repeat015,15,281.9243978000013,True,Levine_13dim,PhenoGraph_v1.5.7_default_Louvain,unavailable,30,all_events_fit_evaluable_reference_labels_only,25,0,0.0,0.883955,multiclass_rectangular_hungarian,167044,81747,24,25,24,1,1.0,0.874196619966309,0.4508198249540857,0.5114709409846002,0.4620716714164137,0.8686073225327953,0.8849132078241402,0.8710344699338926,0.8849132078241403,24,0,0,1.5568558704743676,1.1577760968939872,3.1666666666666665,0.6870727675304097,0.8875555066240963,2.2347031726472566,4.125
EXP-045B_phenograph_levine13_full_event_louvain30_20260915,repeat016,16,356.92945340000006,True,Levine_13dim,PhenoGraph_v1.5.7_default_Louvain,unavailable,30,all_events_fit_evaluable_reference_labels_only,24,0,0.0,0.884932,multiclass_rectangular_hungarian,167044,81747,24,24,23,1,0.9583333333333334,0.8832426876911309,0.4541840042542138,0.5232427397872956,0.4668636019383321,0.8654970209506203,0.8911519688795918,0.8713541738847878,0.8911519688795919,23,0,0,1.5752715401348478,1.1843557442101371,3.0416666666666665,0.6669497482526276,0.8933905831406657,2.261661215868034,4.260869565217392
EXP-045B_phenograph_levine13_full_event_louvain30_20260915,repeat017,17,294.4817484000014,True,Levine_13dim,PhenoGraph_v1.5.7_default_Louvain,unavailable,30,all_events_fit_evaluable_reference_labels_only,25,0,0.0,0.884154,multiclass_rectangular_hungarian,167044,81747,24,25,25,0,1.0416666666666667,0.8814945724617427,0.472152416624758,0.5231417096318401,0.4654893834973924,0.8724434993626476,0.8898308194796138,0.8725663601508288,0.889830819479614,24,1,42,1.5621426850452924,1.1540952974151355,3.083333333333333,0.7083520342454821,0.8913843933110696,2.170945603597612,3.84
EXP-045B_phenograph_levine13_full_event_louvain30_20260915,repeat018,18,297.36646270000347,True,Levine_13dim,PhenoGraph_v1.5.7_default_Louvain,unavailable,30,all_events_fit_evaluable_reference_labels_only,26,0,0.0,0.884422,multiclass_rectangular_hungarian,167044,81747,24,26,24,2,1.0,0.8687108981902313,0.4748535396498671,0.5208696970877292,0.4621586349767497,0.8639029367413088,0.8834819626408309,0.8640785314506713,0.8834819626408309,24,0,0,1.5979313018981174,1.1772429169471552,3.0416666666666665,0.7152229098630986,0.8852434951741348,2.153085235647008,3.875
EXP-045B_phenograph_levine13_full_event_louvain30_20260915,repeat019,19,239.0461834000016,True,Levine_13dim,PhenoGraph_v1.5.7_default_Louvain,unavailable,30,all_events_fit_evaluable_reference_labels_only,25,0,0.0,0.883871,multiclass_rectangular_hungarian,167044,81747,24,25,24,1,1.0,0.8652910087678417,0.4782561627776368,0.5243720917310981,0.4653471890767144,0.866081344731704,0.8822464432945553,0.8632821619176148,0.8822464432945551,24,0,0,1.5726776623070815,1.16826718151909,3.0,0.7003665276737662,0.8849009749593257,2.109514347631937,3.875
EXP-045B_phenograph_levine13_full_event_louvain30_20260915,repeat020,20,256.140350499998,True,Levine_13dim,PhenoGraph_v1.5.7_default_Louvain,unavailable,30,all_events_fit_evaluable_reference_labels_only,24,0,0.0,0.884474,multiclass_rectangular_hungarian,167044,81747,24,24,24,0,1.0,0.8786396481874762,0.4516402779541347,0.5215404364957923,0.4638277950305287,0.868021375951582,0.8884362728907482,0.8713164898867963,0.8884362728907483,24,0,0,1.5568071770185063,1.172315526044042,2.958333333333333,0.7040907407704511,0.8902589697481254,2.137192383840983,3.875
EXP-045B_phenograph_levine13_full_event_louvain30_20260915,repeat021,21,285.83578589999524,True,Levine_13dim,PhenoGraph_v1.5.7_default_Louvain,unavailable,30,all_events_fit_evaluable_reference_labels_only,25,0,0.0,0.883669,multiclass_rectangular_hungarian,167044,81747,24,25,24,1,1.0,0.8668066101688626,0.448573982864332,0.521736922690108,0.4624831533696147,0.8620882056750723,0.8828458536704711,0.8652561249168897,0.8828458536704711,24,0,0,1.5829647385484449,1.179467195121651,3.0416666666666665,0.6607972819229333,0.8842526331241514,2.318743974913437,4.208333333333333
EXP-045B_phenograph_levine13_full_event_louvain30_20260915,repeat022,22,280.4218084999957,True,Levine_13dim,PhenoGraph_v1.5.7_default_Louvain,unavailable,30,all_events_fit_evaluable_reference_labels_only,26,0,0.0,0.886184,multiclass_rectangular_hungarian,167044,81747,24,26,25,1,1.0416666666666667,0.8723496976546204,0.4504038092908444,0.5209493706110407,0.4632752281777327,0.8636518426998159,0.8838489485852692,0.8669026398792863,0.8838489485852692,24,1,3,1.5900354669148211,1.1886333946003251,3.083333333333333,0.7108726258047171,0.8886442315925966,2.0842011191916514,3.96
EXP-045B_phenograph_levine13_full_event_louvain30_20260915,repeat023,23,256.5921834000037,True,Levine_13dim,PhenoGraph_v1.5.7_default_Louvain,unavailable,30,all_events_fit_evaluable_reference_labels_only,26,0,0.0,0.884467,multiclass_rectangular_hungarian,167044,81747,24,26,25,1,1.0416666666666667,0.8797869554909865,0.4521679558919988,0.5213675546196307,0.4649552779860437,0.8667051125194615,0.889011217537035,0.8710662593796228,0.889011217537035,24,1,2,1.5874438932961443,1.141852029822341,3.083333333333333,0.6990253166401915,0.8930235971962274,2.1924032694977287,3.88
EXP-045B_phenograph_levine13_full_event_louvain30_20260915,repeat024,24,303.4673877999958,True,Levine_13dim,PhenoGraph_v1.5.7_default_Louvain,unavailable,30,all_events_fit_evaluable_reference_labels_only,24,0,0.0,0.884308,multiclass_rectangular_hungarian,167044,81747,24,24,23,1,0.9583333333333334,0.8740111018486605,0.4629102411279248,0.5224559925403204,0.4644428382504082,0.8673450111079142,0.8858429055500507,0.8684859767678055,0.8858429055500507,23,0,0,1.5699411872521492,1.1807536532342735,3.083333333333333,0.6895055861591782,0.8877634653259446,2.2212775715122666,4.217391304347826
EXP-045B_phenograph_levine13_full_event_louvain30_20260915,repeat025,25,234.97316309999587,True,Levine_13dim,PhenoGraph_v1.5.7_default_Louvain,unavailable,30,all_events_fit_evaluable_reference_labels_only,25,0,0.0,0.8834,multiclass_rectangular_hungarian,167044,81747,24,25,24,1,1.0,0.8728589172192138,0.4547922910859118,0.5232950729514322,0.468161915756107,0.8637942203213794,0.8871273563555848,0.8688549072089287,0.8871273563555849,24,0,0,1.5805378400720744,1.1590135649547304,3.0,0.6973355595086566,0.8888154917000012,2.178609330439638,4.125
EXP-045B_phenograph_levine13_full_event_louvain30_20260915,repeat026,26,350.7085498000015,True,Levine_13dim,PhenoGraph_v1.5.7_default_Louvain,unavailable,30,all_events_fit_evaluable_reference_labels_only,25,0,0.0,0.885223,multiclass_rectangular_hungarian,167044,81747,24,25,24,1,1.0,0.8673357476428057,0.4571731939020793,0.5224843606972898,0.4586134793152909,0.8660771518642154,0.8804115135723634,0.8635008292052362,0.8804115135723635,24,0,0,1.566149450136878,1.1683536538256392,3.1666666666666665,0.6824260870706552,0.8838000171260108,2.1547020486049635,4.0
EXP-045B_phenograph_levine13_full_event_louvain30_20260915,repeat027,27,296.1299478000001,True,Levine_13dim,PhenoGraph_v1.5.7_default_Louvain,unavailable,30,all_events_fit_evaluable_reference_labels_only,26,0,0.0,0.883787,multiclass_rectangular_hungarian,167044,81747,24,26,24,2,1.0,0.8660971572666556,0.4664907815722219,0.5216094994462719,0.4635047949808654,0.8646506697678528,0.8834941955056456,0.8656439528339307,0.8834941955056455,24,0,0,1.573592770894038,1.1981035375872435,3.0416666666666665,0.68914783219735,0.8845584547445167,2.199420207080173,4.041666666666667
EXP-045B_phenograph_levine13_full_event_louvain30_20260915,repeat028,28,292.1594507000045,True,Levine_13dim,PhenoGraph_v1.5.7_default_Louvain,unavailable,30,all_events_fit_evaluable_reference_labels_only,25,0,0.0,0.884566,multiclass_rectangular_hungarian,167044,81747,24,25,23,2,0.9583333333333334,0.8806594419874314,0.4614646409498735,0.5206519472790644,0.4609523392170008,0.8678628550776071,0.8882038484592706,0.8693411955180111,0.8882038484592707,23,0,0,1.609298233349434,1.2073152318337907,3.125,0.6719357320006184,0.8892803405629565,2.342371155473344,4.260869565217392
EXP-045B_phenograph_levine13_full_event_louvain30_20260915,repeat029,29,431.1133132000032,True,Levine_13dim,PhenoGraph_v1.5.7_default_Louvain,unavailable,30,all_events_fit_evaluable_reference_labels_only,26,0,0.0,0.884871,multiclass_rectangular_hungarian,167044,81747,24,26,24,2,1.0,0.8694220611227274,0.4596131218663683,0.5187019473171107,0.4596737825655919,0.8639168448299661,0.8829926480482464,0.8647087610087598,0.8829926480482464,24,0,0,1.5841017588048036,1.191463294724589,3.125,0.6822826701983948,0.884167003070449,2.266712654396084,4.041666666666667
EXP-045C_phenograph_levine32_full_event_louvain30_20260915,repeat000,0,250.98429100000067,True,Levine_32dim,PhenoGraph_v1.5.7_default_Louvain,unavailable,30,all_events_fit_evaluable_reference_labels_only,31,0,0.0,0.876117,multiclass_rectangular_hungarian,265627,104184,14,31,30,1,2.142857142857143,0.5708963613029843,0.6641736905485555,0.6206744700265797,0.6148836066914161,0.9299585286823076,0.5923942256008599,0.707816558430592,0.59239422560086,14,16,34300,1.518363040600398,1.2437648167006292,2.5,0.8483873871531468,0.9464505106350304,1.3981517730776436,1.9666666666666663
EXP-045C_phenograph_levine32_full_event_louvain30_20260915,repeat001,1,276.55372389999684,True,Levine_32dim,PhenoGraph_v1.5.7_default_Louvain,unavailable,30,all_events_fit_evaluable_reference_labels_only,31,0,0.0,0.875976,multiclass_rectangular_hungarian,265627,104184,14,31,29,2,2.071428571428572,0.5515029248857491,0.6640637372196542,0.6187329838214431,0.6096089122258326,0.9289348198319138,0.5743492282884128,0.6925352562639355,0.5743492282884128,14,15,35045,1.578298488172522,1.2753617031992657,2.7857142857142856,0.8522879846122093,0.9458554096598326,1.3972261649540554,2.103448275862069
EXP-045C_phenograph_levine32_full_event_louvain30_20260915,repeat002,2,303.6534251999983,True,Levine_32dim,PhenoGraph_v1.5.7_default_Louvain,unavailable,30,all_events_fit_evaluable_reference_labels_only,33,0,0.0,0.875331,multiclass_rectangular_hungarian,265627,104184,14,33,31,2,2.2142857142857144,0.5893063473441209,0.6677320241925903,0.6179408561184803,0.6131448895023303,0.9329210768853224,0.5905321354526606,0.7071556612058137,0.5905321354526607,14,17,36420,1.544963562846693,1.3882872534645654,2.642857142857143,0.848001584978763,0.9455194655609308,1.372657099346321,2.064516129032258
EXP-045C_phenograph_levine32_full_event_louvain30_20260915,repeat003,3,208.41215970000485,True,Levine_32dim,PhenoGraph_v1.5.7_default_Louvain,unavailable,30,all_events_fit_evaluable_reference_labels_only,32,0,0.0,0.875368,multiclass_rectangular_hungarian,265627,104184,14,32,30,2,2.142857142857143,0.5681725938226564,0.6185641829678719,0.5562718896853319,0.5622496186074709,0.925453965280576,0.591981494279352,0.706712824724644,0.5919814942793519,14,16,34313,1.5153319876014522,1.2453455762740533,2.571428571428572,0.872760617801433,0.9470648084158796,1.317447001522518,2.1
EXP-045C_phenograph_levine32_full_event_louvain30_20260915,repeat004,4,224.48833490000104,True,Levine_32dim,PhenoGraph_v1.5.7_default_Louvain,unavailable,30,all_events_fit_evaluable_reference_labels_only,31,0,0.0,0.875738,multiclass_rectangular_hungarian,265627,104184,14,31,30,1,2.142857142857143,0.5712210968221753,0.6182356292769783,0.5575013401308764,0.5589734060860637,0.9248013758074748,0.5844851416724256,0.7004287960760807,0.5844851416724257,14,16,32475,1.525330237359546,1.2647340909147673,2.5,0.8829727585709058,0.9448091837518235,1.296044079203842,1.933333333333333
EXP-045C_phenograph_levine32_full_event_louvain30_20260915,repeat005,5,250.36143750000335,True,Levine_32dim,PhenoGraph_v1.5.7_default_Louvain,unavailable,30,all_events_fit_evaluable_reference_labels_only,31,0,0.0,0.87616,multiclass_rectangular_hungarian,265627,104184,14,31,29,2,2.071428571428572,0.5545400247805274,0.6191607461158365,0.5481048685605346,0.554799598330123,0.9284185788542229,0.5660850034554249,0.6851150389079902,0.566085003455425,14,15,28828,1.545830486672308,1.2745550620359662,2.357142857142857,0.860169830078659,0.9455962527835368,1.365421419049612,1.9310344827586208
EXP-045C_phenograph_levine32_full_event_louvain30_20260915,repeat006,6,423.0426752999993,True,Levine_32dim,PhenoGraph_v1.5.7_default_Louvain,unavailable,30,all_events_fit_evaluable_reference_labels_only,32,0,0.0,0.875444,multiclass_rectangular_hungarian,265627,104184,14,32,30,2,2.142857142857143,0.5420692592043254,0.6164063157857251,0.5408199607282443,0.5464989455402893,0.9293287115177246,0.5518409736619826,0.6738751800287237,0.5518409736619826,14,16,38424,1.5095088362563087,1.196532792242906,2.571428571428572,0.8626121924321288,0.9454426783383244,1.3492412519467605,2.1
EXP-045C_phenograph_levine32_full_event_louvain30_20260915,repeat007,7,388.1048775999952,True,Levine_32dim,PhenoGraph_v1.5.7_default_Louvain,unavailable,30,all_events_fit_evaluable_reference_labels_only,30,0,0.0,0.876015,multiclass_rectangular_hungarian,265627,104184,14,30,28,2,2.0,0.4943824622651847,0.6167191471644751,0.537896895116737,0.5402949540954274,0.9275579891795528,0.5239384166474698,0.6454634695875302,0.5239384166474699,14,14,40936,1.6092358468946322,1.292596905951247,2.7142857142857144,0.881796539458879,0.9453274975044152,1.357163883612614,2.071428571428572
EXP-045C_phenograph_levine32_full_event_louvain30_20260915,repeat008,8,260.98209760000464,True,Levine_32dim,PhenoGraph_v1.5.7_default_Louvain,unavailable,30,all_events_fit_evaluable_reference_labels_only,33,0,0.0,0.876928,multiclass_rectangular_hungarian,265627,104184,14,33,32,1,2.2857142857142856,0.5189808309325997,0.6408485960701363,0.5883955978647638,0.5726211638942192,0.9278441341125242,0.5368098748368271,0.6558625292481427,0.5368098748368272,14,18,31680,1.6038257757112184,1.393533648849402,2.5,0.8643331027265907,0.944626814098134,1.3389434536359135,2.0
EXP-045C_phenograph_levine32_full_event_louvain30_20260915,repeat009,9,280.17443959999946,True,Levine_32dim,PhenoGraph_v1.5.7_default_Louvain,unavailable,30,all_events_fit_evaluable_reference_labels_only,31,0,0.0,0.875895,multiclass_rectangular_hungarian,265627,104184,14,31,30,1,2.142857142857143,0.534041259248999,0.619275600299236,0.5497833930773567,0.5517510776991844,0.9254833152726388,0.5538182446440911,0.6696767357937013,0.5538182446440912,14,16,38274,1.5855954271990276,1.254277345144828,2.571428571428572,0.8648635174704158,0.9455674575750596,1.3464801616324849,2.1666666666666665
EXP-045C_phenograph_levine32_full_event_louvain30_20260915,repeat010,10,247.55165610000404,True,Levine_32dim,PhenoGraph_v1.5.7_default_Louvain,unavailable,30,all_events_fit_evaluable_reference_labels_only,32,0,0.0,0.875882,multiclass_rectangular_hungarian,265627,104184,14,32,30,2,2.142857142857143,0.56504332146651,0.6605842827366051,0.6182386192803024,0.6090719657060856,0.931974646022498,0.5812408815173155,0.6980460684985937,0.5812408815173156,14,16,29189,1.5332345664502351,1.242074385711808,2.357142857142857,0.8631318066234619,0.9486773400906088,1.3419453227532343,1.9
EXP-045C_phenograph_levine32_full_event_louvain30_20260915,repeat011,11,285.63820080000005,True,Levine_32dim,PhenoGraph_v1.5.7_default_Louvain,unavailable,30,all_events_fit_evaluable_reference_labels_only,30,0,0.0,0.876395,multiclass_rectangular_hungarian,265627,104184,14,30,29,1,2.071428571428572,0.5423211133774483,0.6194101530012014,0.5522346638714505,0.5566471426098265,0.9281772689949706,0.5650099823389388,0.6825784837070201,0.5650099823389388,14,15,28962,1.5525257124138336,1.1492268605784823,2.4285714285714284,0.8776194722342757,0.9472855716808724,1.3667194178595097,2.0689655172413794
EXP-045C_phenograph_levine32_full_event_louvain30_20260915,repeat012,12,354.9867975000016,True,Levine_32dim,PhenoGraph_v1.5.7_default_Louvain,unavailable,30,all_events_fit_evaluable_reference_labels_only,32,0,0.0,0.875901,multiclass_rectangular_hungarian,265627,104184,14,32,31,1,2.2142857142857144,0.5370961328200013,0.6214716602897005,0.5578565661402911,0.5595705352154055,0.9288586233655634,0.5781501958074177,0.6957223734865835,0.5781501958074177,14,17,34726,1.6049960928017608,1.2680200966410524,2.571428571428572,0.8699249666949884,0.944626814098134,1.3197215783253242,1.935483870967742
EXP-045C_phenograph_levine32_full_event_louvain30_20260915,repeat013,13,380.0835169999991,True,Levine_32dim,PhenoGraph_v1.5.7_default_Louvain,unavailable,30,all_events_fit_evaluable_reference_labels_only,29,0,0.0,0.876254,multiclass_rectangular_hungarian,265627,104184,14,29,28,1,2.0,0.5594860014115186,0.6114766114554006,0.5514669151316879,0.5521903194100667,0.9246233154278144,0.567582354296245,0.6843831544592188,0.5675823542962452,14,14,29623,1.462880476334019,1.172013317113592,2.571428571428572,0.8562331179570783,0.9448475773631267,1.4217286722281663,2.0
EXP-045C_phenograph_levine32_full_event_louvain30_20260915,repeat014,14,434.0856761999967,True,Levine_32dim,PhenoGraph_v1.5.7_default_Louvain,unavailable,30,all_events_fit_evaluable_reference_labels_only,31,0,0.0,0.876417,multiclass_rectangular_hungarian,265627,104184,14,31,30,1,2.142857142857143,0.5860812031458057,0.6201774071163934,0.5654186735125455,0.5648287643881141,0.924909293707148,0.5926533824771557,0.7048150211411675,0.5926533824771558,14,16,28236,1.500850296131872,1.17900715771097,2.571428571428572,0.8686055768713612,0.9453466943100668,1.328685173540839,2.033333333333333
EXP-045C_phenograph_levine32_full_event_louvain30_20260915,repeat015,15,264.0764858999973,True,Levine_32dim,PhenoGraph_v1.5.7_default_Louvain,unavailable,30,all_events_fit_evaluable_reference_labels_only,33,0,0.0,0.875009,multiclass_rectangular_hungarian,265627,104184,14,33,32,1,2.2857142857142856,0.5491860785895363,0.6132120556357875,0.5499306685020946,0.5537456092479932,0.9258413918578644,0.579215618521078,0.6967546057697724,0.5792156185210781,14,18,34052,1.4941471383768352,1.2041088620317295,2.7857142857142856,0.8657498577595788,0.9425343622821164,1.3385037109213986,1.96875
EXP-045C_phenograph_levine32_full_event_louvain30_20260915,repeat016,16,292.21144829999685,True,Levine_32dim,PhenoGraph_v1.5.7_default_Louvain,unavailable,30,all_events_fit_evaluable_reference_labels_only,30,0,0.0,0.874998,multiclass_rectangular_hungarian,265627,104184,14,30,29,1,2.071428571428572,0.5608982040928692,0.662375290832052,0.6156560853082221,0.6064141564864317,0.9311965627395804,0.5669680565153957,0.6863720592974146,0.5669680565153958,14,15,36639,1.5550719025382185,1.2330031480562442,2.571428571428572,0.8698928937778058,0.9478998694617216,1.3240702153956807,1.9310344827586208
EXP-045C_phenograph_levine32_full_event_louvain30_20260915,repeat017,17,265.4858585000038,True,Levine_32dim,PhenoGraph_v1.5.7_default_Louvain,unavailable,30,all_events_fit_evaluable_reference_labels_only,31,0,0.0,0.876672,multiclass_rectangular_hungarian,265627,104184,14,31,29,2,2.071428571428572,0.5476674946509207,0.619900718409114,0.5582360342928198,0.5585657809601425,0.9289560920066156,0.5809337326268909,0.6987853338667691,0.5809337326268909,14,15,34598,1.524307888585327,1.2630623589472632,2.571428571428572,0.8636947544542813,0.94588420486831,1.33740030921863,2.034482758620689
EXP-045C_phenograph_levine32_full_event_louvain30_20260915,repeat018,18,272.817252199995,True,Levine_32dim,PhenoGraph_v1.5.7_default_Louvain,unavailable,30,all_events_fit_evaluable_reference_labels_only,31,0,0.0,0.876109,multiclass_rectangular_hungarian,265627,104184,14,31,30,1,2.142857142857143,0.5522522217191523,0.6247854482745258,0.5533127191102375,0.5562496868793442,0.9280329469878812,0.5641749212930969,0.6815268395264776,0.5641749212930969,14,16,29588,1.5267434167021816,1.1519885554515177,2.4285714285714284,0.8405960283539922,0.9446940029179144,1.4205872275339808,2.033333333333333
EXP-045C_phenograph_levine32_full_event_louvain30_20260915,repeat019,19,274.78591700000106,True,Levine_32dim,PhenoGraph_v1.5.7_default_Louvain,unavailable,30,all_events_fit_evaluable_reference_labels_only,31,0,0.0,0.875467,multiclass_rectangular_hungarian,265627,104184,14,31,30,1,2.142857142857143,0.5488236361009863,0.6213728055072206,0.5655958616211815,0.5650303567017319,0.92707769378022,0.5897450664209475,0.7035863088867497,0.5897450664209476,14,16,28207,1.557525180165641,1.1649235145707777,2.571428571428572,0.8818260299461578,0.946719265914152,1.3024176159791885,2.033333333333333
EXP-045C_phenograph_levine32_full_event_louvain30_20260915,repeat020,20,270.2397132000042,True,Levine_32dim,PhenoGraph_v1.5.7_default_Louvain,unavailable,30,all_events_fit_evaluable_reference_labels_only,30,0,0.0,0.875856,multiclass_rectangular_hungarian,265627,104184,14,30,29,1,2.071428571428572,0.5562876804820162,0.6196925821347898,0.5533483914191788,0.556120039079575,0.9250674111588308,0.574464409122322,0.6923381909920019,0.574464409122322,14,15,36055,1.564274036476187,1.2735705670791757,2.571428571428572,0.8735400824592809,0.9456730400061428,1.3205616841583068,2.034482758620689
EXP-045C_phenograph_levine32_full_event_louvain30_20260915,repeat021,21,311.4482960000023,True,Levine_32dim,PhenoGraph_v1.5.7_default_Louvain,unavailable,30,all_events_fit_evaluable_reference_labels_only,31,0,0.0,0.87561,multiclass_rectangular_hungarian,265627,104184,14,31,29,2,2.071428571428572,0.5698209091969775,0.6673896046593754,0.6137139478192861,0.6092192986432778,0.9345208438637836,0.5810297166551486,0.7017991058824735,0.5810297166551486,14,15,34643,1.5874610572002037,1.3806777283041545,2.7857142857142856,0.8611551134613258,0.9479190662673732,1.405302151125912,2.1724137931034484
EXP-045C_phenograph_levine32_full_event_louvain30_20260915,repeat022,22,246.0742539999992,True,Levine_32dim,PhenoGraph_v1.5.7_default_Louvain,unavailable,30,all_events_fit_evaluable_reference_labels_only,31,0,0.0,0.875003,multiclass_rectangular_hungarian,265627,104184,14,31,29,2,2.071428571428572,0.5713353157019829,0.6665359443038344,0.6463358899905448,0.619306760209304,0.9311248411417552,0.5929509329647544,0.7083213713815277,0.5929509329647547,14,15,27478,1.5329725309842408,1.2484519034916524,2.571428571428572,0.8665148929879554,0.9458362128541812,1.3344778085033708,1.862068965517241
EXP-045C_phenograph_levine32_full_event_louvain30_20260915,repeat023,23,259.584199799996,True,Levine_32dim,PhenoGraph_v1.5.7_default_Louvain,unavailable,30,all_events_fit_evaluable_reference_labels_only,31,0,0.0,0.875153,multiclass_rectangular_hungarian,265627,104184,14,31,29,2,2.071428571428572,0.5452379976174092,0.6189896855631035,0.5503018567547683,0.5525334334706775,0.9248665767526836,0.5635510251094218,0.682917841875544,0.5635510251094218,14,15,35834,1.5741868142230262,1.283590275015252,2.571428571428572,0.8788334103619775,0.945461875143976,1.3100545874712386,2.1379310344827585
EXP-045C_phenograph_levine32_full_event_louvain30_20260915,repeat024,24,446.023783800003,True,Levine_32dim,PhenoGraph_v1.5.7_default_Louvain,unavailable,30,all_events_fit_evaluable_reference_labels_only,32,0,0.0,0.876108,multiclass_rectangular_hungarian,265627,104184,14,32,30,2,2.142857142857143,0.5447569191885033,0.664385774017311,0.6041826489783634,0.6009307892490201,0.9307573763161454,0.54719534669431,0.6693778675561811,0.54719534669431,14,16,38463,1.585973155861664,1.2488818001730144,2.571428571428572,0.8351142083189357,0.9457402288259232,1.4597335698668796,1.9666666666666663
EXP-045C_phenograph_levine32_full_event_louvain30_20260915,repeat025,25,256.2211454999924,True,Levine_32dim,PhenoGraph_v1.5.7_default_Louvain,unavailable,30,all_events_fit_evaluable_reference_labels_only,31,0,0.0,0.875527,multiclass_rectangular_hungarian,265627,104184,14,31,29,2,2.071428571428572,0.5703639708638576,0.6249320717892352,0.5812583653974172,0.5727433358066697,0.925545450026348,0.5924134224065115,0.7062743326455928,0.5924134224065115,14,15,28827,1.5162467950062086,1.2281961206746086,2.642857142857143,0.8419392559025939,0.9413249635260692,1.4104275772595354,1.9655172413793105
EXP-045C_phenograph_levine32_full_event_louvain30_20260915,repeat026,26,388.3730865999969,True,Levine_32dim,PhenoGraph_v1.5.7_default_Louvain,unavailable,30,all_events_fit_evaluable_reference_labels_only,31,0,0.0,0.875658,multiclass_rectangular_hungarian,265627,104184,14,31,29,2,2.071428571428572,0.5385203040454094,0.6183804110442729,0.5478716936349108,0.5497666165153597,0.928889997080619,0.5578111802196114,0.6794561017531514,0.5578111802196114,14,15,36303,1.5390352090963435,1.281771794548482,2.5,0.8598474372561625,0.9439741227059816,1.3546182605234482,1.9655172413793105
EXP-045C_phenograph_levine32_full_event_louvain30_20260915,repeat027,27,299.7833673999994,True,Levine_32dim,PhenoGraph_v1.5.7_default_Louvain,unavailable,30,all_events_fit_evaluable_reference_labels_only,32,0,0.0,0.874951,multiclass_rectangular_hungarian,265627,104184,14,32,30,2,2.142857142857143,0.5587513877577543,0.644463171849739,0.6124640954409176,0.5902182337192972,0.928181144092501,0.5785629271289257,0.69634646864798,0.5785629271289258,14,16,35287,1.6009085987213645,1.2743457843783872,2.571428571428572,0.8617439482459858,0.946460109037856,1.3505477803005683,1.9666666666666663
EXP-045C_phenograph_levine32_full_event_louvain30_20260915,repeat028,28,335.07391029999417,True,Levine_32dim,PhenoGraph_v1.5.7_default_Louvain,unavailable,30,all_events_fit_evaluable_reference_labels_only,31,0,0.0,0.875348,multiclass_rectangular_hungarian,265627,104184,14,31,30,1,2.142857142857143,0.5479709143521306,0.6205879485270355,0.5634817829034482,0.5623820439490387,0.9266873986027258,0.5792924057436842,0.6947086426338376,0.5792924057436842,14,16,28526,1.5633027563643778,1.1701660925608204,2.642857142857143,0.877727253593663,0.9461913537587344,1.3030471462659463,2.066666666666667
EXP-045C_phenograph_levine32_full_event_louvain30_20260915,repeat029,29,468.240489799995,True,Levine_32dim,PhenoGraph_v1.5.7_default_Louvain,unavailable,30,all_events_fit_evaluable_reference_labels_only,31,0,0.0,0.876383,multiclass_rectangular_hungarian,265627,104184,14,31,30,1,2.142857142857143,0.5421560014496185,0.6599747029864631,0.6075439680154693,0.6030643539481823,0.928979794008832,0.5710569761191737,0.6912046455087367,0.5710569761191737,14,16,29380,1.5714750925280196,1.3305321990982393,2.642857142857143,0.8629679471827022,0.9454426783383244,1.3428198940078642,1.9
EXP-045A_phenograph_samusik_full_event_louvain30_20260915,repeat000,0,66.11383889999706,True,Samusik_01,PhenoGraph_v1.5.7_default_Louvain,unavailable,30,all_events_fit_evaluable_reference_labels_only,25,0,0.0,0.888712,multiclass_rectangular_hungarian,86864,53173,24,25,25,0,1.0416666666666667,0.823069731379113,0.6236514588236836,0.6809867865001094,0.6188204248006758,0.9359541630613012,0.8317567186353977,0.8636788375667264,0.8317567186353977,24,1,17,1.428231471524971,1.253335220680292,3.208333333333333,0.8187142989384065,0.9265228593459086,1.5397958701817125,2.88
EXP-045A_phenograph_samusik_full_event_louvain30_20260915,repeat001,1,64.54439710000588,True,Samusik_01,PhenoGraph_v1.5.7_default_Louvain,unavailable,30,all_events_fit_evaluable_reference_labels_only,25,0,0.0,0.888643,multiclass_rectangular_hungarian,86864,53173,24,25,25,0,1.0416666666666667,0.8154464253959846,0.6738519183379528,0.703584421175968,0.6605179183258736,0.9430067154019938,0.8359129633460591,0.8705502492128652,0.8359129633460591,24,1,18,1.441859699016432,1.230215507631229,3.2916666666666665,0.8263918341636273,0.9303029733135236,1.5131414578366715,2.92
EXP-045A_phenograph_samusik_full_event_louvain30_20260915,repeat002,2,65.04780230000324,True,Samusik_01,PhenoGraph_v1.5.7_default_Louvain,unavailable,30,all_events_fit_evaluable_reference_labels_only,25,0,0.0,0.888198,multiclass_rectangular_hungarian,86864,53173,24,25,25,0,1.0416666666666667,0.8166611638559234,0.6661206447464928,0.6954995036405937,0.6610103051401071,0.9289137134957568,0.8439245481729449,0.8764093648373812,0.8439245481729449,24,1,19,1.543268780953366,1.2817616292753558,3.25,0.8159655942552465,0.9289677091757096,1.543507780159358,3.08
EXP-045A_phenograph_samusik_full_event_louvain30_20260915,repeat003,3,75.5800081999987,True,Samusik_01,PhenoGraph_v1.5.7_default_Louvain,unavailable,30,all_events_fit_evaluable_reference_labels_only,25,0,0.0,0.888246,multiclass_rectangular_hungarian,86864,53173,24,25,25,0,1.0416666666666667,0.8062668611907777,0.6620578599625512,0.6899797870051175,0.656761316522036,0.9255059135099672,0.8342391815395032,0.8694115068469884,0.8342391815395032,24,1,18,1.5642565345634745,1.3266326109813478,3.25,0.816057868114616,0.928516352284054,1.5452641459173486,3.08
EXP-045A_phenograph_samusik_full_event_louvain30_20260915,repeat004,4,78.17481640000187,True,Samusik_01,PhenoGraph_v1.5.7_default_Louvain,unavailable,30,all_events_fit_evaluable_reference_labels_only,25,0,0.0,0.888504,multiclass_rectangular_hungarian,86864,53173,24,25,25,0,1.0416666666666667,0.8448604695306716,0.6771250331802374,0.7172384108171532,0.6724779536387132,0.9428838003381032,0.8699339890545954,0.8950413324052157,0.8699339890545954,24,1,17,1.3995499001968918,1.2230596195137755,3.1666666666666665,0.8237473598517857,0.9318451093600136,1.51774969268531,3.0
EXP-045A_phenograph_samusik_full_event_louvain30_20260915,repeat005,5,66.9515878999955,True,Samusik_01,PhenoGraph_v1.5.7_default_Louvain,unavailable,30,all_events_fit_evaluable_reference_labels_only,24,0,0.0,0.888087,multiclass_rectangular_hungarian,86864,53173,24,24,24,0,1.0,0.8270088875571707,0.6635621873355204,0.6920644587771116,0.657710880715625,0.9281079021957748,0.851654034942546,0.8814719940004627,0.851654034942546,24,0,0,1.5043825124703296,1.2134270565353726,3.208333333333333,0.8129626929505339,0.92864799804412,1.5559076435120194,3.0
EXP-045A_phenograph_samusik_full_event_louvain30_20260915,repeat006,6,70.57915199999843,True,Samusik_01,PhenoGraph_v1.5.7_default_Louvain,unavailable,30,all_events_fit_evaluable_reference_labels_only,24,0,0.0,0.888155,multiclass_rectangular_hungarian,86864,53173,24,24,24,0,1.0,0.8540649914782892,0.6776647726246928,0.7132534004783931,0.672830543146981,0.9396422233389072,0.8823651101122749,0.901828152980414,0.882365110112275,24,0,0,1.4088937219702302,1.1945032926215786,3.208333333333333,0.8188001298234356,0.928102608466703,1.5343789735470386,2.875
EXP-045A_phenograph_samusik_full_event_louvain30_20260915,repeat007,7,84.98752909999894,True,Samusik_01,PhenoGraph_v1.5.7_default_Louvain,unavailable,30,all_events_fit_evaluable_reference_labels_only,24,0,0.0,0.887753,multiclass_rectangular_hungarian,86864,53173,24,24,24,0,1.0,0.8511955798823655,0.6674666217100061,0.6911931765946976,0.6565551722298436,0.9275588005102988,0.8678276568935362,0.8913485013842457,0.8678276568935362,24,0,0,1.5456357152152282,1.2631112459929468,3.333333333333333,0.8041674675621576,0.927143475071935,1.5947400899180544,3.0
EXP-045A_phenograph_samusik_full_event_louvain30_20260915,repeat008,8,83.30100470000616,True,Samusik_01,PhenoGraph_v1.5.7_default_Louvain,unavailable,30,all_events_fit_evaluable_reference_labels_only,24,0,0.0,0.888037,multiclass_rectangular_hungarian,86864,53173,24,24,24,0,1.0,0.8355110993090569,0.6504143424919259,0.7119534229340042,0.651052266977641,0.9286858719663956,0.8601169766610873,0.8780113386547199,0.8601169766610874,24,0,0,1.4882537862963874,1.2645038167622134,3.25,0.7851250506892807,0.9162356835235927,1.688936584487538,3.208333333333333
EXP-045A_phenograph_samusik_full_event_louvain30_20260915,repeat009,9,151.6019923000058,True,Samusik_01,PhenoGraph_v1.5.7_default_Louvain,unavailable,30,all_events_fit_evaluable_reference_labels_only,24,0,0.0,0.888789,multiclass_rectangular_hungarian,86864,53173,24,24,24,0,1.0,0.8290448604381069,0.6470849822530281,0.7107521368771273,0.6498873665831332,0.9327772963802036,0.8539108194008238,0.8787588384901621,0.8539108194008237,24,0,0,1.5235090815571013,1.2618687515183518,3.2916666666666665,0.7967329128506787,0.9178154326443873,1.6741268117225356,3.1666666666666665
EXP-045A_phenograph_samusik_full_event_louvain30_20260915,repeat010,10,128.50491980000515,True,Samusik_01,PhenoGraph_v1.5.7_default_Louvain,unavailable,30,all_events_fit_evaluable_reference_labels_only,24,0,0.0,0.889499,multiclass_rectangular_hungarian,86864,53173,24,24,24,0,1.0,0.8301255327169607,0.6783319494254849,0.700502394854265,0.6571162926321722,0.944192518723916,0.8482876647922818,0.8787085647722886,0.8482876647922818,24,0,0,1.4315815907774945,1.2379660339242458,3.25,0.8107637743626596,0.927444379666372,1.5781330713518276,3.0
EXP-045A_phenograph_samusik_full_event_louvain30_20260915,repeat011,11,99.6744566000052,True,Samusik_01,PhenoGraph_v1.5.7_default_Louvain,unavailable,30,all_events_fit_evaluable_reference_labels_only,24,0,0.0,0.888878,multiclass_rectangular_hungarian,86864,53173,24,24,24,0,1.0,0.8300460975938814,0.6713812775830167,0.7086482824997936,0.6647565063315285,0.94003959571771,0.8573524156996973,0.8844988908441791,0.8573524156996972,24,0,0,1.4163065605386314,1.1959623435551203,3.25,0.8045712864870835,0.9288360634156432,1.5795179093647196,2.9166666666666665
EXP-045A_phenograph_samusik_full_event_louvain30_20260915,repeat012,12,68.78639269999985,True,Samusik_01,PhenoGraph_v1.5.7_default_Louvain,unavailable,30,all_events_fit_evaluable_reference_labels_only,24,0,0.0,0.888792,multiclass_rectangular_hungarian,86864,53173,24,24,24,0,1.0,0.8564358257330758,0.661493154680712,0.6886432142654083,0.6572049444049016,0.926490486639628,0.8686739510653902,0.8918085805079851,0.8686739510653904,24,0,0,1.5271608756018968,1.2860254736183,3.2916666666666665,0.8103573524502868,0.9293250333816034,1.5659999228775066,2.958333333333333
EXP-045A_phenograph_samusik_full_event_louvain30_20260915,repeat013,13,68.47827630000393,True,Samusik_01,PhenoGraph_v1.5.7_default_Louvain,unavailable,30,all_events_fit_evaluable_reference_labels_only,24,0,0.0,0.887913,multiclass_rectangular_hungarian,86864,53173,24,24,24,0,1.0,0.818048373497978,0.6526554960744961,0.7152484297641509,0.656941320475123,0.9373248946898176,0.8511838715137382,0.881168975294754,0.8511838715137382,24,0,0,1.524519536005745,1.26317388097823,3.2916666666666665,0.7955458520980386,0.9199217648054464,1.6737581865147382,3.0416666666666665
EXP-045A_phenograph_samusik_full_event_louvain30_20260915,repeat014,14,76.47127570000157,True,Samusik_01,PhenoGraph_v1.5.7_default_Louvain,unavailable,30,all_events_fit_evaluable_reference_labels_only,24,0,0.0,0.888981,multiclass_rectangular_hungarian,86864,53173,24,24,24,0,1.0,0.8196995653373103,0.659465759727207,0.6873181398724891,0.6538216532355633,0.9263241771565022,0.8430782540010906,0.8758457972623859,0.8430782540010908,24,0,0,1.5528033659209204,1.2069189552966406,3.208333333333333,0.811765058196237,0.9264664397344516,1.563605045667637,2.9166666666666665
EXP-045A_phenograph_samusik_full_event_louvain30_20260915,repeat015,15,69.26986430000397,True,Samusik_01,PhenoGraph_v1.5.7_default_Louvain,unavailable,30,all_events_fit_evaluable_reference_labels_only,25,0,0.0,0.888384,multiclass_rectangular_hungarian,86864,53173,24,25,25,0,1.0416666666666667,0.8209366183240858,0.6639566857846706,0.6972770445150683,0.6611981307610431,0.9277510253189544,0.848118405957911,0.8791793885937911,0.848118405957911,24,1,17,1.548849476173179,1.275882000446294,3.25,0.8151864159367149,0.9296259379760404,1.540536893470036,3.08
EXP-045A_phenograph_samusik_full_event_louvain30_20260915,repeat016,16,80.26870469999994,True,Samusik_01,PhenoGraph_v1.5.7_default_Louvain,unavailable,30,all_events_fit_evaluable_reference_labels_only,24,0,0.0,0.888021,multiclass_rectangular_hungarian,86864,53173,24,24,24,0,1.0,0.8151496232815103,0.6086160136110087,0.6655425351201091,0.6129492797737043,0.925090021969669,0.8283715419479811,0.866652019947224,0.8283715419479811,24,0,0,1.5389234634494386,1.2114678149312326,3.2916666666666665,0.8145807121672398,0.9234573937900814,1.574399213707624,2.9166666666666665
EXP-045A_phenograph_samusik_full_event_louvain30_20260915,repeat017,17,78.32374039999559,True,Samusik_01,PhenoGraph_v1.5.7_default_Louvain,unavailable,30,all_events_fit_evaluable_reference_labels_only,24,0,0.0,0.88847,multiclass_rectangular_hungarian,86864,53173,24,24,24,0,1.0,0.8370666917900452,0.6594677068214684,0.690618673295876,0.6550211294841416,0.925944363443229,0.8592894890263856,0.8852490276788727,0.8592894890263856,24,0,0,1.5442898123040436,1.2694814896905928,3.2916666666666665,0.8114083008284796,0.9275760254264382,1.5632917004133606,2.958333333333333
EXP-045A_phenograph_samusik_full_event_louvain30_20260915,repeat018,18,84.72051459999784,True,Samusik_01,PhenoGraph_v1.5.7_default_Louvain,unavailable,30,all_events_fit_evaluable_reference_labels_only,24,0,0.0,0.88863,multiclass_rectangular_hungarian,86864,53173,24,24,24,0,1.0,0.8265107893798106,0.6719537707278539,0.7063008911343417,0.6642330772289529,0.9410740223942472,0.8548135331841348,0.8847067101048113,0.8548135331841348,24,0,0,1.429933140681414,1.2070064728784553,3.208333333333333,0.810878288572282,0.9283658999868354,1.5671537217825862,3.0
EXP-045A_phenograph_samusik_full_event_louvain30_20260915,repeat019,19,77.96705279999878,True,Samusik_01,PhenoGraph_v1.5.7_default_Louvain,unavailable,30,all_events_fit_evaluable_reference_labels_only,23,0,0.0,0.887954,multiclass_rectangular_hungarian,86864,53173,24,23,23,0,0.9583333333333334,0.8392613079439445,0.6387174280504975,0.6972598997305509,0.6332872622866729,0.9320480120926284,0.8649878697835369,0.8853462943071818,0.8649878697835368,23,0,0,1.465563542392105,1.2709259360370488,3.1666666666666665,0.7901242829616228,0.9164425554322684,1.705641933061001,3.0
EXP-045A_phenograph_samusik_full_event_louvain30_20260915,repeat020,20,72.54886229999829,True,Samusik_01,PhenoGraph_v1.5.7_default_Louvain,unavailable,30,all_events_fit_evaluable_reference_labels_only,24,0,0.0,0.889048,multiclass_rectangular_hungarian,86864,53173,24,24,24,0,1.0,0.8328256204155563,0.6440789019114649,0.7119024222039702,0.6432907918271068,0.9347756541069816,0.8499802531359901,0.8737950014286906,0.84998025313599,24,0,0,1.5105876158619644,1.3037979614213782,3.2916666666666665,0.7899704186245136,0.9187745660391552,1.7140246008171702,3.0416666666666665
EXP-045A_phenograph_samusik_full_event_louvain30_20260915,repeat021,21,87.84132580000005,True,Samusik_01,PhenoGraph_v1.5.7_default_Louvain,unavailable,30,all_events_fit_evaluable_reference_labels_only,24,0,0.0,0.888562,multiclass_rectangular_hungarian,86864,53173,24,24,24,0,1.0,0.838240165200352,0.6372335651218703,0.6995679713190984,0.6452145624834001,0.9157724682013492,0.858292742557313,0.8790505404586528,0.8582927425573129,24,0,0,1.5998781522314989,1.2986634493115268,3.2916666666666665,0.7910598549377571,0.9155962612604142,1.6929923083394385,3.208333333333333
EXP-045A_phenograph_samusik_full_event_louvain30_20260915,repeat022,22,79.23140820000117,True,Samusik_01,PhenoGraph_v1.5.7_default_Louvain,unavailable,30,all_events_fit_evaluable_reference_labels_only,23,0,0.0,0.888061,multiclass_rectangular_hungarian,86864,53173,24,23,23,0,0.9583333333333334,0.8101261915418589,0.6352736739463235,0.6878308595160032,0.620562289001418,0.9325977006935564,0.8281646700393056,0.8572899340931892,0.8281646700393057,23,0,0,1.4243154633257482,1.2176484612999114,3.125,0.8046363891738274,0.9175521411242548,1.6681081920563372,2.9565217391304346
EXP-045A_phenograph_samusik_full_event_louvain30_20260915,repeat023,23,76.91191380000237,True,Samusik_01,PhenoGraph_v1.5.7_default_Louvain,unavailable,30,all_events_fit_evaluable_reference_labels_only,24,0,0.0,0.888036,multiclass_rectangular_hungarian,86864,53173,24,24,24,0,1.0,0.8338671906928345,0.653018979360155,0.7191794952031764,0.6543931972826896,0.931010710107474,0.8550392116299625,0.8738074865097272,0.8550392116299625,24,0,0,1.4969265423144804,1.302525460708453,3.208333333333333,0.7986551451589138,0.9166494273409436,1.660586436177269,3.125
EXP-045A_phenograph_samusik_full_event_louvain30_20260915,repeat024,24,137.33374249999906,True,Samusik_01,PhenoGraph_v1.5.7_default_Louvain,unavailable,30,all_events_fit_evaluable_reference_labels_only,24,0,0.0,0.889245,multiclass_rectangular_hungarian,86864,53173,24,24,24,0,1.0,0.8353580994893167,0.6784849380039852,0.7084271388020399,0.6708271832564737,0.9466970235149386,0.8651759351550599,0.8959801586580454,0.8651759351550599,24,0,0,1.416914646724431,1.273434507907766,3.2916666666666665,0.807180350566357,0.924811464465048,1.575796798333338,2.833333333333333
EXP-045A_phenograph_samusik_full_event_louvain30_20260915,repeat025,25,81.23605020000105,True,Samusik_01,PhenoGraph_v1.5.7_default_Louvain,unavailable,30,all_events_fit_evaluable_reference_labels_only,24,0,0.0,0.887319,multiclass_rectangular_hungarian,86864,53173,24,24,24,0,1.0,0.8056901774421381,0.6797726114495198,0.7070211250972425,0.6709325429889939,0.9449265370960436,0.8385458785473832,0.8763138645751869,0.838545878547383,24,0,0,1.4114136413416605,1.213545200240087,3.25,0.8091986231994417,0.93246572508604,1.5701572683149827,2.9166666666666665
EXP-045A_phenograph_samusik_full_event_louvain30_20260915,repeat026,26,103.59403509999538,True,Samusik_01,PhenoGraph_v1.5.7_default_Louvain,unavailable,30,all_events_fit_evaluable_reference_labels_only,24,0,0.0,0.888664,multiclass_rectangular_hungarian,86864,53173,24,24,24,0,1.0,0.8219847763576176,0.6512168364333641,0.7018871359545136,0.6407650155205663,0.9365850214602786,0.8552272770014857,0.8828749523926827,0.8552272770014857,24,0,0,1.4744362566160103,1.26830103615115,3.375,0.7956942270191872,0.919771312508228,1.6588389162040993,3.125
EXP-045A_phenograph_samusik_full_event_louvain30_20260915,repeat027,27,101.70709270000224,True,Samusik_01,PhenoGraph_v1.5.7_default_Louvain,unavailable,30,all_events_fit_evaluable_reference_labels_only,24,0,0.0,0.888628,multiclass_rectangular_hungarian,86864,53173,24,24,24,0,1.0,0.8363884898156148,0.6511304732073694,0.691869432108902,0.6529587449319963,0.9415459230491148,0.8650442893949937,0.8933071257097593,0.8650442893949937,24,0,0,1.4789650850627398,1.1770385796413263,3.25,0.8041623622306906,0.9247362383164388,1.5990694237033498,2.9166666666666665
EXP-045A_phenograph_samusik_full_event_louvain30_20260915,repeat028,28,92.66545059999773,True,Samusik_01,PhenoGraph_v1.5.7_default_Louvain,unavailable,30,all_events_fit_evaluable_reference_labels_only,25,0,0.0,0.888166,multiclass_rectangular_hungarian,86864,53173,24,25,25,0,1.0416666666666667,0.831310110949598,0.638118435344534,0.6749565386258443,0.6424256715982816,0.9251913336730416,0.8513907434224136,0.881769672601721,0.8513907434224136,24,1,17,1.588091251866494,1.1895925230635758,3.25,0.8074845850185471,0.9205799936057774,1.5794866501189924,3.16
EXP-045A_phenograph_samusik_full_event_louvain30_20260915,repeat029,29,139.19677740000043,True,Samusik_01,PhenoGraph_v1.5.7_default_Louvain,unavailable,30,all_events_fit_evaluable_reference_labels_only,24,0,0.0,0.889052,multiclass_rectangular_hungarian,86864,53173,24,24,24,0,1.0,0.832147640040948,0.6415372537920527,0.7008644761794995,0.6371917714339813,0.9344383440738884,0.8578601922028096,0.8827460709989433,0.8578601922028097,24,0,0,1.4474613590450571,1.2902796761353064,3.25,0.8100074865979577,0.9200346040283602,1.6128609433455257,2.958333333333333
